Game ID;Date;Side;Result;Player;Role;Hero;Ban Hero;Common Skill;Team;Opponent;Score;Kill;Death;Assist;Gold;Tyrant;S Tyrant;Tempest;Overlord;S Overlord;Damage Dealt;Damage Taken;Duration;Stage;Group;Region;;;
KWC26_PI_M01_G1;30/07/2026;Blue;Win;Littleboyz;Clashlane;Mi Yue;Haya;Frenzy;Buriram United;Team Flash;1 - 0;1;1;2;7900;1;0;0;1;0;;;11:04;Play-in;Group A;TH;;;
KWC26_PI_M01_G1;30/07/2026;Blue;Win;Valdus;Jungler;Pei;Mai Shiranui;Smite;Buriram United;Team Flash;1 - 0;2;1;4;9000;1;0;0;1;0;;;11:04;Play-in;Group A;TH;;;
KWC26_PI_M01_G1;30/07/2026;Blue;Win;NuNu;Midlane;Lorion;Ukyo Tachibana;Flash;Buriram United;Team Flash;1 - 0;2;1;5;7100;1;0;0;1;0;;;11:04;Play-in;Group A;TH;;;
KWC26_PI_M01_G1;30/07/2026;Blue;Win;Ligky;Farmlane;Chano;Guan Yu;Flash;Buriram United;Team Flash;1 - 0;3;0;4;8300;1;0;0;1;0;;;11:04;Play-in;Group A;TH;;;
KWC26_PI_M01_G1;30/07/2026;Blue;Win;Taoz;Roamer;Lian Po;;Flash;Buriram United;Team Flash;1 - 0;0;0;7;4800;1;0;0;1;0;;;11:04;Play-in;Group A;TH;;;
KWC26_PI_M01_G1;30/07/2026;Red;Lose;Yuh;Clashlane;Charlotte;Florentino;Flash;Team Flash;Buriram United;0 - 1;0;2;1;5900;1;0;0;0;0;;;11:04;Play-in;Group A;VN;;;
KWC26_PI_M01_G1;30/07/2026;Red;Lose;Julius;Jungler;Butterfly;Lapu lapu;Smite;Team Flash;Buriram United;0 - 1;1;2;2;7500;1;0;0;0;0;;;11:04;Play-in;Group A;VN;;;
KWC26_PI_M01_G1;30/07/2026;Red;Lose;HieuDuc;Midlane;Xiao Qiao;Dyadia;Flash;Team Flash;Buriram United;0 - 1;0;1;1;6000;1;0;0;0;0;;;11:04;Play-in;Group A;VN;;;
KWC26_PI_M01_G1;30/07/2026;Red;Lose;Ryn;Farmlane;Ao Yin;Biron;Flash;Team Flash;Buriram United;0 - 1;2;1;0;7200;1;0;0;0;0;;;11:04;Play-in;Group A;VN;;;
KWC26_PI_M01_G1;30/07/2026;Red;Lose;Tofu;Roamer;Zhang Fei;;Heal;Team Flash;Buriram United;0 - 1;0;2;3;4600;1;0;0;0;0;;;11:04;Play-in;Group A;VN;;;
KWC26_PI_M01_G2;30/07/2026;Red;Win;Littleboyz;Clashlane;Dharma;Pei;Flash;Buriram United;Team Flash;2 - 0;1;0;4;8600;1;1;0;0;0;;;11:56;Play-in;Group A;TH;;;
KWC26_PI_M01_G2;30/07/2026;Red;Win;Valdus;Jungler;Agudo;Charlotte;Smite;Buriram United;Team Flash;2 - 0;2;0;7;9100;1;1;0;0;0;;;11:56;Play-in;Group A;TH;;;
KWC26_PI_M01_G2;30/07/2026;Red;Win;NuNu;Midlane;Yu Huan;Chano;Flash;Buriram United;Team Flash;2 - 0;2;1;6;7400;1;1;0;0;0;;;11:56;Play-in;Group A;TH;;;
KWC26_PI_M01_G2;30/07/2026;Red;Win;Ligky;Farmlane;Flowborn(FL);Guan Yu;Flash;Buriram United;Team Flash;2 - 0;3;0;6;9800;1;1;0;0;0;;;11:56;Play-in;Group A;TH;;;
KWC26_PI_M01_G2;30/07/2026;Red;Win;Taoz;Roamer;Zhang Fei;;Heal;Buriram United;Team Flash;2 - 0;1;0;8;5900;1;1;0;0;0;;;11:56;Play-in;Group A;TH;;;
KWC26_PI_M01_G2;30/07/2026;Blue;Lose;Yuh;Clashlane;Biron;Haya;Flash;Team Flash;Buriram United;0 - 2;0;2;1;6400;1;0;0;1;0;;;11:56;Play-in;Group A;VN;;;
KWC26_PI_M01_G2;30/07/2026;Blue;Lose;Julius;Jungler;Augran;Ao Yin;Smite;Team Flash;Buriram United;0 - 2;1;3;0;8000;1;0;0;1;0;;;11:56;Play-in;Group A;VN;;;
KWC26_PI_M01_G2;30/07/2026;Blue;Lose;HieuDuc;Midlane;Mai Shiranui;Charlotte;Flash;Team Flash;Buriram United;0 - 2;0;1;1;7200;1;0;0;1;0;;;11:56;Play-in;Group A;VN;;;
KWC26_PI_M01_G2;30/07/2026;Blue;Lose;Ryn;Farmlane;Chicha;Xiao Qiao;Frenzy;Team Flash;Buriram United;0 - 2;0;1;1;7800;1;0;0;1;0;;;11:56;Play-in;Group A;VN;;;
KWC26_PI_M01_G2;30/07/2026;Blue;Lose;Tofu;Roamer;Mozi;;Flash;Team Flash;Buriram United;0 - 2;0;2;1;4600;1;0;0;1;0;;;11:56;Play-in;Group A;VN;;;
KWC26_PI_M02_G1;30/07/2026;Red;Lose;Meruem;Clashlane;Biron;Mai Shiranui;Flash;S8UL Esports;Influence Rage;0 - 1;0;0;0;4500;0;0;0;0;0;;;08:09;Play-in;Group A;IND;;;
KWC26_PI_M02_G1;30/07/2026;Red;Lose;Kong;Jungler;Agudo;Ao Yin;Smite;S8UL Esports;Influence Rage;0 - 1;0;4;0;4200;0;0;0;0;0;;;08:09;Play-in;Group A;IND;;;
KWC26_PI_M02_G1;30/07/2026;Red;Lose;Kyurem;Midlane;Lady Zhen;Di Renjie;Flash;S8UL Esports;Influence Rage;0 - 1;0;2;0;3500;0;0;0;0;0;;;08:09;Play-in;Group A;IND;;;
KWC26_PI_M02_G1;30/07/2026;Red;Lose;Kaeltzy;Farmlane;Flowborn(FL);Arli;Flash;S8UL Esports;Influence Rage;0 - 1;0;2;0;4000;0;0;0;0;0;;;08:09;Play-in;Group A;IND;;;
KWC26_PI_M02_G1;30/07/2026;Red;Lose;Doofy;Roamer;Lapu lapu;;Flash;S8UL Esports;Influence Rage;0 - 1;1;2;0;3200;0;0;0;0;0;;;08:09;Play-in;Group A;IND;;;
KWC26_PI_M02_G1;30/07/2026;Blue;Win;Tempest;Clashlane;Guan Yu;Pei;Sprint;Influence Rage;S8UL Esports;1 - 0;2;0;5;6000;1;0;0;0;0;;;08:09;Play-in;Group A;BR;;;
KWC26_PI_M02_G1;30/07/2026;Blue;Win;Dani;Jungler;Jing;Chicha;Smite;Influence Rage;S8UL Esports;1 - 0;0;0;8;7100;1;0;0;0;0;;;08:09;Play-in;Group A;BR;;;
KWC26_PI_M02_G1;30/07/2026;Blue;Win;Fury;Midlane;Lorion;Annette;Flash;Influence Rage;S8UL Esports;1 - 0;1;0;7;5000;1;0;0;0;0;;;08:09;Play-in;Group A;BR;;;
KWC26_PI_M02_G1;30/07/2026;Blue;Win;Lefy;Farmlane;Chano;Haya;Flash;Influence Rage;S8UL Esports;1 - 0;5;1;1;6900;1;0;0;0;0;;;08:09;Play-in;Group A;BR;;;
KWC26_PI_M02_G1;30/07/2026;Blue;Win;Maynah;Roamer;Zhang Fei;;Stun;Influence Rage;S8UL Esports;1 - 0;2;0;8;4600;1;0;0;0;0;;;08:09;Play-in;Group A;BR;;;
KWC26_PI_M02_G2;30/07/2026;Blue;Lose;Meruem;Clashlane;Xiang Yu;Mai Shiranui;Flash;S8UL Esports;Influence Rage;0 - 2;0;3;2;5600;1;0;0;0;0;;;12:16;Play-in;Group A;IND;;;
KWC26_PI_M02_G2;30/07/2026;Blue;Lose;Kong;Jungler;Chicha;Haya;Smite;S8UL Esports;Influence Rage;0 - 2;2;3;2;9500;1;0;0;0;0;;;12:16;Play-in;Group A;IND;;;
KWC26_PI_M02_G2;30/07/2026;Blue;Lose;Kyurem;Midlane;Ziya;Kaizer;Flash;S8UL Esports;Influence Rage;0 - 2;1;3;2;6300;1;0;0;0;0;;;12:16;Play-in;Group A;IND;;;
KWC26_PI_M02_G2;30/07/2026;Blue;Lose;Kaeltzy;Farmlane;Di Renjie;Musashi;Flash;S8UL Esports;Influence Rage;0 - 2;0;1;2;6800;1;0;0;0;0;;;12:16;Play-in;Group A;IND;;;
KWC26_PI_M02_G2;30/07/2026;Blue;Lose;Doofy;Roamer;Zhang Fei;;Heal;S8UL Esports;Influence Rage;0 - 2;1;3;2;5600;1;0;0;0;0;;;12:16;Play-in;Group A;IND;;;
KWC26_PI_M02_G2;30/07/2026;Red;Win;Tempest;Clashlane;Dharma;Ao Yin;Flash;Influence Rage;S8UL Esports;2 - 0;1;2;4;7500;1;1;0;1;1;;;12:16;Play-in;Group A;BR;;;
KWC26_PI_M02_G2;30/07/2026;Red;Win;Dani;Jungler;Ukyo Tachibana;Pei;Smite;Influence Rage;S8UL Esports;2 - 0;7;0;6;12200;1;1;0;1;1;;;12:16;Play-in;Group A;BR;;;
KWC26_PI_M02_G2;30/07/2026;Red;Win;Fury;Midlane;Nuwa;Lady Sun;Flash;Influence Rage;S8UL Esports;2 - 0;3;1;9;8800;1;1;0;1;1;;;12:16;Play-in;Group A;BR;;;
KWC26_PI_M02_G2;30/07/2026;Red;Win;Lefy;Farmlane;Erin;Lorion;Flash;Influence Rage;S8UL Esports;2 - 0;2;1;4;9300;1;1;0;1;1;;;12:16;Play-in;Group A;BR;;;
KWC26_PI_M02_G2;30/07/2026;Red;Win;Maynah;Roamer;Lapu lapu;;Flash;Influence Rage;S8UL Esports;2 - 0;0;0;10;6100;1;1;0;1;1;;;12:16;Play-in;Group A;BR;;;
KWC26_PI_M03_G1;30/07/2026;Blue;Win;Ratel;Clashlane;Umbrosa;Pei;Flash;NS RedForce;OG Esports;1 - 0;3;0;2;10400;1;2;0;0;1;;;14:26;Play-in;Group B;KR;;;
KWC26_PI_M03_G1;30/07/2026;Blue;Win;Haku;Jungler;Ying;Ao Yin;Smite;NS RedForce;OG Esports;1 - 0;1;1;3;10500;1;2;0;0;1;;;14:26;Play-in;Group B;KR;;;
KWC26_PI_M03_G1;30/07/2026;Blue;Win;Illusion;Midlane;Mai Shiranui;Bai Qi;Flash;NS RedForce;OG Esports;1 - 0;0;3;2;7200;1;2;0;0;1;;;14:26;Play-in;Group B;KR;;;
KWC26_PI_M03_G1;30/07/2026;Blue;Win;Siri;Farmlane;Erin;Biron;Flash;NS RedForce;OG Esports;1 - 0;3;0;4;12100;1;2;0;0;1;;;14:26;Play-in;Group B;KR;;;
KWC26_PI_M03_G1;30/07/2026;Blue;Win;Namu3;Roamer;Zhang Fei;;Stun;NS RedForce;OG Esports;1 - 0;0;1;7;6700;1;2;0;0;1;;;14:26;Play-in;Group B;KR;;;
KWC26_PI_M03_G1;30/07/2026;Red;Lose;iHanss;Clashlane;Guan Yu;Haya;Sprint;OG Esports;NS RedForce;0 - 1;0;1;3;9000;1;0;0;1;0;;;14:26;Play-in;Group B;ID;;;
KWC26_PI_M03_G1;30/07/2026;Red;Lose;DaoDao;Jungler;Kaizer;Florentino;Smite;OG Esports;NS RedForce;0 - 1;0;2;3;8600;1;0;0;1;0;;;14:26;Play-in;Group B;ID;;;
KWC26_PI_M03_G1;30/07/2026;Red;Lose;Niel;Midlane;Lorion;Dharma;Flash;OG Esports;NS RedForce;0 - 1;0;0;4;7000;1;0;0;1;0;;;14:26;Play-in;Group B;ID;;;
KWC26_PI_M03_G1;30/07/2026;Red;Lose;Ahem;Farmlane;Arli;Ata;Frenzy;OG Esports;NS RedForce;0 - 1;4;1;1;10400;1;0;0;1;0;;;14:26;Play-in;Group B;ID;;;
KWC26_PI_M03_G1;30/07/2026;Red;Lose;663;Roamer;Dyadia;;Flash;OG Esports;NS RedForce;0 - 1;1;3;4;6700;1;0;0;1;0;;;14:26;Play-in;Group B;ID;;;
KWC26_PI_M03_G2;30/07/2026;Red;Win;Ratel;Clashlane;Devara;Ao Yin;Frenzy;NS RedForce;OG Esports;2 - 0;1;1;5;9800;0;1;0;0;0;;;12:21;Play-in;Group B;KR;;;
KWC26_PI_M03_G2;30/07/2026;Red;Win;Haku;Jungler;Ata;Pei;Smite;NS RedForce;OG Esports;2 - 0;2;1;3;8000;0;1;0;0;0;;;12:21;Play-in;Group B;KR;;;
KWC26_PI_M03_G2;30/07/2026;Red;Win;Illusion;Midlane;Haya;Erin;Flash;NS RedForce;OG Esports;2 - 0;1;2;1;6100;0;1;0;0;0;;;12:21;Play-in;Group B;KR;;;
KWC26_PI_M03_G2;30/07/2026;Red;Win;Siri;Farmlane;Chicha;Di Renjie;Flash;NS RedForce;OG Esports;2 - 0;3;1;3;9500;0;1;0;0;0;;;12:21;Play-in;Group B;KR;;;
KWC26_PI_M03_G2;30/07/2026;Red;Win;Namu3;Roamer;Dyadia;;Flash;NS RedForce;OG Esports;2 - 0;1;2;5;6200;0;1;0;0;0;;;12:21;Play-in;Group B;KR;;;
KWC26_PI_M03_G2;30/07/2026;Blue;Lose;iHanss;Clashlane;Florentino;Lorion;Flash;OG Esports;NS RedForce;0 - 2;1;3;0;7500;2;0;0;0;0;;;12:21;Play-in;Group B;ID;;;
KWC26_PI_M03_G2;30/07/2026;Blue;Lose;DaoDao;Jungler;Agudo;Liang;Smite;OG Esports;NS RedForce;0 - 2;1;1;4;9000;2;0;0;0;0;;;12:21;Play-in;Group B;ID;;;
KWC26_PI_M03_G2;30/07/2026;Blue;Lose;Niel;Midlane;Xiao Qiao;Luna;Flash;OG Esports;NS RedForce;0 - 2;1;2;4;6900;2;0;0;0;0;;;12:21;Play-in;Group B;ID;;;
KWC26_PI_M03_G2;30/07/2026;Blue;Lose;Ahem;Farmlane;Flowborn(FL);Dolia;Flash;OG Esports;NS RedForce;0 - 2;3;1;2;8300;2;0;0;0;0;;;12:21;Play-in;Group B;ID;;;
KWC26_PI_M03_G2;30/07/2026;Blue;Lose;663;Roamer;Lapu lapu;;Flash;OG Esports;NS RedForce;0 - 2;0;1;5;5200;2;0;0;0;0;;;12:21;Play-in;Group B;ID;;;
KWC26_PI_M04_G1;30/07/2026;Blue;Lose;Clean;Clashlane;Biron;Florentino;Flash;Deep Cross Gaming;Blacklist Intl.;0 - 1;0;1;3;7700;1;0;0;0;1;30000;56000;12:50;Play-in;Group B;TW;;;
KWC26_PI_M04_G1;30/07/2026;Blue;Lose;Godwu;Jungler;Pei;Mai Shiranui;Smite;Deep Cross Gaming;Blacklist Intl.;0 - 1;1;3;2;10200;1;0;0;0;1;30100;31600;12:50;Play-in;Group B;TW;;;
KWC26_PI_M04_G1;30/07/2026;Blue;Lose;Ethan;Midlane;Xiao Qiao;Guan Yu;Flash;Deep Cross Gaming;Blacklist Intl.;0 - 1;1;2;2;6300;1;0;0;0;1;35000;15200;12:50;Play-in;Group B;TW;;;
KWC26_PI_M04_G1;30/07/2026;Blue;Lose;Son;Farmlane;Flowborn(FL);Charlotte;Flash;Deep Cross Gaming;Blacklist Intl.;0 - 1;4;1;2;9800;1;0;0;0;1;86200;24600;12:50;Play-in;Group B;TW;;;
KWC26_PI_M04_G1;30/07/2026;Blue;Lose;Xin;Roamer;Lapu lapu;;Flash;Deep Cross Gaming;Blacklist Intl.;0 - 1;0;3;4;5300;1;0;0;0;1;23200;49800;12:50;Play-in;Group B;TW;;;
KWC26_PI_M04_G1;30/07/2026;Red;Win;Chammy1;Clashlane;Dharma;Yango;Flash;Blacklist Intl.;Deep Cross Gaming;1 - 0;2;1;5;7900;1;1;0;1;0;21000;35900;12:50;Play-in;Group B;PH;;;
KWC26_PI_M04_G1;30/07/2026;Red;Win;Juschie;Jungler;Ukyo Tachibana;Lorion;Smite;Blacklist Intl.;Deep Cross Gaming;1 - 0;4;0;5;12500;1;1;0;1;0;53300;45100;12:50;Play-in;Group B;PH;;;
KWC26_PI_M04_G1;30/07/2026;Red;Win;Dragon;Midlane;Angela;Chano;Flash;Blacklist Intl.;Deep Cross Gaming;1 - 0;1;1;5;6800;1;1;0;1;0;42800;17800;12:50;Play-in;Group B;PH;;;
KWC26_PI_M04_G1;30/07/2026;Red;Win;Goldenk1te;Farmlane;Ao Yin;Di Renjie;Flash;Blacklist Intl.;Deep Cross Gaming;1 - 0;2;2;4;9800;1;1;0;1;0;43500;27000;12:50;Play-in;Group B;PH;;;
KWC26_PI_M04_G1;30/07/2026;Red;Win;Chazz;Roamer;Zhang Fei;;Heal;Blacklist Intl.;Deep Cross Gaming;1 - 0;1;2;9;6100;1;1;0;1;0;16600;78600;12:50;Play-in;Group B;PH;;;
KWC26_PI_M04_G2;30/07/2026;Red;Win;Clean;Clashlane;Chicha;Florentino;Frenzy;Deep Cross Gaming;Blacklist Intl.;1 - 1;3;1;10;12200;1;1;0;1;2;;;16:18;Play-in;Group B;TW;;;
KWC26_PI_M04_G2;30/07/2026;Red;Win;Godwu;Jungler;Jing;Pei;Smite;Deep Cross Gaming;Blacklist Intl.;1 - 1;5;0;8;14600;1;1;0;1;2;;;16:18;Play-in;Group B;TW;;;
KWC26_PI_M04_G2;30/07/2026;Red;Win;Ethan;Midlane;Mai Shiranui;Charlotte;Flash;Deep Cross Gaming;Blacklist Intl.;1 - 1;0;3;6;7700;1;1;0;1;2;;;16:18;Play-in;Group B;TW;;;
KWC26_PI_M04_G2;30/07/2026;Red;Win;Son;Farmlane;Alessio;Augran;Flash;Deep Cross Gaming;Blacklist Intl.;1 - 1;7;1;7;12800;1;1;0;1;2;;;16:18;Play-in;Group B;TW;;;
KWC26_PI_M04_G2;30/07/2026;Red;Win;Xin;Roamer;Zhang Fei;;Heal;Deep Cross Gaming;Blacklist Intl.;1 - 1;1;1;10;7900;1;1;0;1;2;;;16:18;Play-in;Group B;TW;;;
KWC26_PI_M04_G2;30/07/2026;Blue;Lose;Chammy1;Clashlane;Devara;Yango;Frenzy;Blacklist Intl.;Deep Cross Gaming;1 - 1;2;2;2;12500;1;0;0;0;0;;;16:18;Play-in;Group B;PH;;;
KWC26_PI_M04_G2;30/07/2026;Blue;Lose;Juschie;Jungler;Flowborn(JG);Ukyo Tachibana;Smite;Blacklist Intl.;Deep Cross Gaming;1 - 1;0;5;5;8800;1;0;0;0;0;;;16:18;Play-in;Group B;PH;;;
KWC26_PI_M04_G2;30/07/2026;Blue;Lose;Dragon;Midlane;Lorion;Musashi;Flash;Blacklist Intl.;Deep Cross Gaming;1 - 1;0;2;4;8200;1;0;0;0;0;;;16:18;Play-in;Group B;PH;;;
KWC26_PI_M04_G2;30/07/2026;Blue;Lose;Goldenk1te;Farmlane;Chano;Nezha;Flash;Blacklist Intl.;Deep Cross Gaming;1 - 1;3;3;2;11800;1;0;0;0;0;;;16:18;Play-in;Group B;PH;;;
KWC26_PI_M04_G2;30/07/2026;Blue;Lose;Chazz;Roamer;Lapu lapu;;Flash;Blacklist Intl.;Deep Cross Gaming;1 - 1;1;4;5;7000;1;0;0;0;0;;;16:18;Play-in;Group B;PH;;;
KWC26_PI_M04_G3;30/07/2026;Red;Win;Clean;Clashlane;Guan Yu;Florentino;Sprint;Deep Cross Gaming;Blacklist Intl.;2 - 1;2;2;3;11500;1;1;0;1;1;;;17:28;Play-in;Group B;TW;;;
KWC26_PI_M04_G3;30/07/2026;Red;Win;Godwu;Jungler;Ying;Pei;Smite;Deep Cross Gaming;Blacklist Intl.;2 - 1;2;2;4;12600;1;1;0;1;1;;;17:28;Play-in;Group B;TW;;;
KWC26_PI_M04_G3;30/07/2026;Red;Win;Ethan;Midlane;Haya;Mozi;Flash;Deep Cross Gaming;Blacklist Intl.;2 - 1;3;4;4;8700;1;1;0;1;1;;;17:28;Play-in;Group B;TW;;;
KWC26_PI_M04_G3;30/07/2026;Red;Win;Son;Farmlane;Ao Yin;Charlotte;Flash;Deep Cross Gaming;Blacklist Intl.;2 - 1;3;1;2;13100;1;1;0;1;1;;;17:28;Play-in;Group B;TW;;;
KWC26_PI_M04_G3;30/07/2026;Red;Win;Xin;Roamer;Annette;;Heal;Deep Cross Gaming;Blacklist Intl.;2 - 1;0;0;10;8300;1;1;0;1;1;;;17:28;Play-in;Group B;TW;;;
KWC26_PI_M04_G3;30/07/2026;Blue;Lose;Chammy1;Clashlane;Ata;Ukyo Tachibana;Flash;Blacklist Intl.;Deep Cross Gaming;1 - 2;3;2;4;9500;0;1;0;0;1;;;17:28;Play-in;Group B;PH;;;
KWC26_PI_M04_G3;30/07/2026;Blue;Lose;Juschie;Jungler;Agudo;Yango;Smite;Blacklist Intl.;Deep Cross Gaming;1 - 2;1;1;6;14000;0;1;0;0;1;;;17:28;Play-in;Group B;PH;;;
KWC26_PI_M04_G3;30/07/2026;Blue;Lose;Dragon;Midlane;Nuwa;Musashi;Flash;Blacklist Intl.;Deep Cross Gaming;1 - 2;1;2;6;10300;0;1;0;0;1;;;17:28;Play-in;Group B;PH;;;
KWC26_PI_M04_G3;30/07/2026;Blue;Lose;Izmora;Farmlane;Arli;Dharma;Frenzy;Blacklist Intl.;Deep Cross Gaming;1 - 2;4;3;2;12600;0;1;0;0;1;;;17:28;Play-in;Group B;PH;;;
KWC26_PI_M04_G3;30/07/2026;Blue;Lose;Chazz;Roamer;Dyadia;;Flash;Blacklist Intl.;Deep Cross Gaming;1 - 2;0;2;9;9100;0;1;0;0;1;;;17:28;Play-in;Group B;PH;;;
KWC26_PI_M05_G1;30/07/2026;Blue;Win;Littleboyz;Clashlane;Biron;Haya;Flash;Buriram United;Influence Rage;1 - 0;1;1;8;10900;2;2;0;1;1;;;18:11;Play-in;Group A;TH;;;
KWC26_PI_M05_G1;30/07/2026;Blue;Win;Valdus;Jungler;Pei;Mai Shiranui;Smite;Buriram United;Influence Rage;1 - 0;4;0;5;16200;2;2;0;1;1;;;18:11;Play-in;Group A;TH;;;
KWC26_PI_M05_G1;30/07/2026;Blue;Win;NuNu;Midlane;Xiao Qiao;Ukyo Tachibana;Flash;Buriram United;Influence Rage;1 - 0;3;1;9;10800;2;2;0;1;1;;;18:11;Play-in;Group A;TH;;;
KWC26_PI_M05_G1;30/07/2026;Blue;Win;Ligky;Farmlane;Chano;Guan Yu;Flash;Buriram United;Influence Rage;1 - 0;6;1;5;13700;2;2;0;1;1;;;18:11;Play-in;Group A;TH;;;
KWC26_PI_M05_G1;30/07/2026;Blue;Win;Taoz;Roamer;Lapu lapu;;Flash;Buriram United;Influence Rage;1 - 0;2;0;13;9400;2;2;0;1;1;;;18:11;Play-in;Group A;TH;;;
KWC26_PI_M05_G1;30/07/2026;Red;Lose;Tempest;Clashlane;Bai Qi;Florentino;Flash;Influence Rage;Buriram United;0 - 1;0;2;2;10100;0;0;0;0;1;;;18:11;Play-in;Group A;BR;;;
KWC26_PI_M05_G1;30/07/2026;Red;Lose;Dani;Jungler;Ying;Flowborn(FL);Smite;Influence Rage;Buriram United;0 - 1;0;4;1;12400;0;0;0;0;1;;;18:11;Play-in;Group A;BR;;;
KWC26_PI_M05_G1;30/07/2026;Red;Lose;Fury;Midlane;Lorion;Dharma;Flash;Influence Rage;Buriram United;0 - 1;0;3;3;8400;0;0;0;0;1;;;18:11;Play-in;Group A;BR;;;
KWC26_PI_M05_G1;30/07/2026;Red;Lose;Lefy;Farmlane;Chicha;Ata;Frenzy;Influence Rage;Buriram United;0 - 1;2;5;1;12300;0;0;0;0;1;;;18:11;Play-in;Group A;BR;;;
KWC26_PI_M05_G1;30/07/2026;Red;Lose;Maynah;Roamer;Zhang Fei;;Stun;Influence Rage;Buriram United;0 - 1;1;2;2;8400;0;0;0;0;1;;;18:11;Play-in;Group A;BR;;;
KWC26_PI_M05_G2;30/07/2026;Blue;Lose;Littleboyz;Clashlane;Charlotte;Pei;Flash;Buriram United;Influence Rage;1 - 1;0;4;7;11900;1;1;0;0;0;68600;102300;19:53;Play-in;Group A;TH;;;
KWC26_PI_M05_G2;30/07/2026;Blue;Lose;Valdus;Jungler;Nezha;Ao Yin;Smite;Buriram United;Influence Rage;1 - 1;6;1;6;14900;1;1;0;0;0;121400;93500;19:53;Play-in;Group A;TH;;;
KWC26_PI_M05_G2;30/07/2026;Blue;Lose;NuNu;Midlane;Haya;Chano;Flash;Buriram United;Influence Rage;1 - 1;1;2;6;10600;1;1;0;0;0;101700;61000;19:53;Play-in;Group A;TH;;;
KWC26_PI_M05_G2;30/07/2026;Blue;Lose;Ligky;Farmlane;Flowborn(FL);Erin;Flash;Buriram United;Influence Rage;1 - 1;4;1;4;14300;1;1;0;0;0;133500;33500;19:53;Play-in;Group A;TH;;;
KWC26_PI_M05_G2;30/07/2026;Blue;Lose;Taoz;Roamer;Zhang Fei;;Heal;Buriram United;Influence Rage;1 - 1;2;2;7;9600;1;1;0;0;0;28200;156300;19:53;Play-in;Group A;TH;;;
KWC26_PI_M05_G2;30/07/2026;Red;Win;Tempest;Clashlane;Fatih;Lorion;Flash;Influence Rage;Buriram United;1 - 1;1;2;6;13200;1;1;0;0;1;107200;108900;19:53;Play-in;Group A;BR;;;
KWC26_PI_M05_G2;30/07/2026;Red;Win;Dani;Jungler;Musashi;Florentino;Smite;Influence Rage;Buriram United;1 - 1;1;5;2;13200;1;1;0;0;1;70300;87500;19:53;Play-in;Group A;BR;;;
KWC26_PI_M05_G2;30/07/2026;Red;Win;Fury;Midlane;Mai Shiranui;Menki;Flash;Influence Rage;Buriram United;1 - 1;0;2;5;9800;1;1;0;0;1;78600;65000;19:53;Play-in;Group A;BR;;;
KWC26_PI_M05_G2;30/07/2026;Red;Win;Lefy;Farmlane;Lady Sun;Kaizer;Flash;Influence Rage;Buriram United;1 - 1;8;2;2;16200;1;1;0;0;1;145800;61000;19:53;Play-in;Group A;BR;;;
KWC26_PI_M05_G2;30/07/2026;Red;Win;Maynah;Roamer;Lapu lapu;;Flash;Influence Rage;Buriram United;1 - 1;0;2;8;8900;1;1;0;0;1;44600;121800;19:53;Play-in;Group A;BR;;;
KWC26_PI_M05_G3;30/07/2026;Red;Lose;Littleboyz;Clashlane;Mi Yue;Pei;Frenzy;Buriram United;Influence Rage;1 - 2;2;4;3;12400;0;0;0;2;1;71300;63300;17:16;Play-in;Group A;TH;;;
KWC26_PI_M05_G3;30/07/2026;Red;Lose;Valdus;Jungler;Charlotte;Ao Yin;Smite;Buriram United;Influence Rage;1 - 2;1;2;2;11200;0;0;0;2;1;69800;62300;17:16;Play-in;Group A;TH;;;
KWC26_PI_M05_G3;30/07/2026;Red;Lose;NuNu;Midlane;Mai Shiranui;Yu Huan;Flash;Buriram United;Influence Rage;1 - 2;0;2;4;9600;0;0;0;2;1;103800;52300;17:16;Play-in;Group A;TH;;;
KWC26_PI_M05_G3;30/07/2026;Red;Lose;Ligky;Farmlane;Chicha;Haya;Flash;Buriram United;Influence Rage;1 - 2;1;3;3;11100;0;0;0;2;1;78300;57400;17:16;Play-in;Group A;TH;;;
KWC26_PI_M05_G3;30/07/2026;Red;Lose;Taoz;Roamer;Lian Po;;Flash;Buriram United;Influence Rage;1 - 2;1;0;4;7100;0;0;0;2;1;40900;127200;17:16;Play-in;Group A;TH;;;
KWC26_PI_M05_G3;30/07/2026;Blue;Win;Tempest;Clashlane;Biron;Lorion;Flash;Influence Rage;Buriram United;2 - 1;3;0;4;12700;2;2;0;0;0;49900;87700;17:16;Play-in;Group A;BR;;;
KWC26_PI_M05_G3;30/07/2026;Blue;Win;Dani;Jungler;Flowborn(JG);Florentino;Smite;Influence Rage;Buriram United;2 - 1;1;2;4;9300;2;2;0;0;0;54200;128500;17:16;Play-in;Group A;BR;;;
KWC26_PI_M05_G3;30/07/2026;Blue;Win;Fury;Midlane;Lady Zhen;Fuzi;Flash;Influence Rage;Buriram United;2 - 1;2;3;5;9400;2;2;0;0;0;124000;35100;17:16;Play-in;Group A;BR;;;
KWC26_PI_M05_G3;30/07/2026;Blue;Win;Lefy;Farmlane;Arli;Dharma;Frenzy;Influence Rage;Buriram United;2 - 1;4;0;5;15100;2;2;0;0;0;101800;51100;17:16;Play-in;Group A;BR;;;
KWC26_PI_M05_G3;30/07/2026;Blue;Win;Maynah;Roamer;Dyadia;;Flash;Influence Rage;Buriram United;2 - 1;1;0;9;9300;2;2;0;0;0;32700;61700;17:16;Play-in;Group A;BR;;;
KWC26_PI_M06_G1;30/07/2026;Blue;Lose;Ratel;Clashlane;Biron;Yango;Flash;NS RedForce;Deep Cross Gaming;0 - 1;1;2;3;7900;0;0;0;1;0;41300;90900;12:02;Play-in;Group B;KR;;;
KWC26_PI_M06_G1;30/07/2026;Blue;Lose;Haku;Jungler;Nezha;Pei;Smite;NS RedForce;Deep Cross Gaming;0 - 1;0;3;2;7400;0;0;0;1;0;20300;33100;12:02;Play-in;Group B;KR;;;
KWC26_PI_M06_G1;30/07/2026;Blue;Lose;Illusion;Midlane;Mai Shiranui;Ukyo Tachibana;Flash;NS RedForce;Deep Cross Gaming;0 - 1;2;1;2;7200;0;0;0;1;0;49800;44800;12:02;Play-in;Group B;KR;;;
KWC26_PI_M06_G1;30/07/2026;Blue;Lose;Siri;Farmlane;Ao Yin;Ying;Flash;NS RedForce;Deep Cross Gaming;0 - 1;2;2;1;8600;0;0;0;1;0;46700;38800;12:02;Play-in;Group B;KR;;;
KWC26_PI_M06_G1;30/07/2026;Blue;Lose;Namu3;Roamer;Dyadia;;Flash;NS RedForce;Deep Cross Gaming;0 - 1;0;2;4;5400;0;0;0;1;0;27300;52800;12:02;Play-in;Group B;KR;;;
KWC26_PI_M06_G1;30/07/2026;Red;Win;Clean;Clashlane;Charlotte;Florentino;Flash;Deep Cross Gaming;NS RedForce;1 - 0;0;2;5;8600;2;1;0;0;1;62100;37800;12:02;Play-in;Group B;TW;;;
KWC26_PI_M06_G1;30/07/2026;Red;Win;Godwu;Jungler;Yang Jian;Haya;Smite;Deep Cross Gaming;NS RedForce;1 - 0;6;1;1;10800;2;1;0;0;1;61400;44200;12:02;Play-in;Group B;TW;;;
KWC26_PI_M06_G1;30/07/2026;Red;Win;Ethan;Midlane;Xiao Qiao;Augran;Flash;Deep Cross Gaming;NS RedForce;1 - 0;2;1;7;7200;2;1;0;0;1;55600;21100;12:02;Play-in;Group B;TW;;;
KWC26_PI_M06_G1;30/07/2026;Red;Win;Son;Farmlane;Flowborn(FL);Dun;Flash;Deep Cross Gaming;NS RedForce;1 - 0;2;1;4;9500;2;1;0;0;1;58200;32400;12:02;Play-in;Group B;TW;;;
KWC26_PI_M06_G1;30/07/2026;Red;Win;Xin;Roamer;Zhang Fei;;Heal;Deep Cross Gaming;NS RedForce;1 - 0;0;0;10;6200;2;1;0;0;1;23200;50000;12:02;Play-in;Group B;TW;;;
KWC26_PI_M06_G2;30/07/2026;Red;Lose;Ratel;Clashlane;Charlotte;Yango;Flash;NS RedForce;Deep Cross Gaming;0 - 2;0;1;2;8200;1;0;0;0;0;26400;36200;12:03;Play-in;Group B;KR;;;
KWC26_PI_M06_G2;30/07/2026;Red;Lose;Haku;Jungler;Yao;Pei;Smite;NS RedForce;Deep Cross Gaming;0 - 2;2;2;0;8700;1;0;0;0;0;38100;33800;12:03;Play-in;Group B;KR;;;
KWC26_PI_M06_G2;30/07/2026;Red;Lose;Illusion;Midlane;Angela;Dharma;Flash;NS RedForce;Deep Cross Gaming;0 - 2;2;2;2;6300;1;0;0;0;0;38800;24300;12:03;Play-in;Group B;KR;;;
KWC26_PI_M06_G2;30/07/2026;Red;Lose;Siri;Farmlane;Chano;Ao Yin;Flash;NS RedForce;Deep Cross Gaming;0 - 2;2;3;4;8100;1;0;0;0;0;76500;30300;12:03;Play-in;Group B;KR;;;
KWC26_PI_M06_G2;30/07/2026;Red;Lose;Namu3;Roamer;Kui;;Flash;NS RedForce;Deep Cross Gaming;0 - 2;1;5;4;5000;1;0;0;0;0;16900;67000;12:03;Play-in;Group B;KR;;;
KWC26_PI_M06_G2;30/07/2026;Blue;Win;Clean;Clashlane;Guan Yu;Florentino;Sprint;Deep Cross Gaming;NS RedForce;2 - 0;2;2;6;7800;1;1;0;0;0;37900;26000;12:03;Play-in;Group B;TW;;;
KWC26_PI_M06_G2;30/07/2026;Blue;Win;Godwu;Jungler;Jing;Haya;Smite;Deep Cross Gaming;NS RedForce;2 - 0;3;1;5;11500;1;1;0;0;0;44900;36100;12:03;Play-in;Group B;TW;;;
KWC26_PI_M06_G2;30/07/2026;Blue;Win;Ethan;Midlane;Mai Shiranui;Augran;Flash;Deep Cross Gaming;NS RedForce;2 - 0;3;1;8;7600;1;1;0;0;0;43600;29000;12:03;Play-in;Group B;TW;;;
KWC26_PI_M06_G2;30/07/2026;Blue;Win;Son;Farmlane;Di Renjie;Flowborn(JG);Flash;Deep Cross Gaming;NS RedForce;2 - 0;5;2;3;8900;1;1;0;0;0;45700;36400;12:03;Play-in;Group B;TW;;;
KWC26_PI_M06_G2;30/07/2026;Blue;Win;Xin;Roamer;Lapu lapu;;Flash;Deep Cross Gaming;NS RedForce;2 - 0;0;1;12;5600;1;1;0;0;0;19500;69200;12:03;Play-in;Group B;TW;;;
KWC26_PI_M07_G1;31/07/2026;Red;Win;Yuh;Clashlane;Fatih;Haya;Flash;Team Flash;S8UL Esports;1 - 0;1;4;5;10800;1;1;0;1;2;70800;91100;17:03;Play-in;Group A;VN;;;
KWC26_PI_M07_G1;31/07/2026;Red;Win;Julius;Jungler;Augran;Pei;Smite;Team Flash;S8UL Esports;1 - 0;3;4;2;12800;1;1;0;1;2;102000;93400;17:03;Play-in;Group A;VN;;;
KWC26_PI_M07_G1;31/07/2026;Red;Win;HieuDuc;Midlane;Lorion;Luna;Flash;Team Flash;S8UL Esports;1 - 0;3;3;6;10500;1;1;0;1;2;137300;71500;17:03;Play-in;Group A;VN;;;
KWC26_PI_M07_G1;31/07/2026;Red;Win;Ryn;Farmlane;Chano;Jing;Flash;Team Flash;S8UL Esports;1 - 0;4;4;2;11600;1;1;0;1;2;72200;51400;17:03;Play-in;Group A;VN;;;
KWC26_PI_M07_G1;31/07/2026;Red;Win;Tofu;Roamer;Zhang Fei;;Heal;Team Flash;S8UL Esports;1 - 0;0;1;7;7900;1;1;0;1;2;30000;126600;17:03;Play-in;Group A;VN;;;
KWC26_PI_M07_G1;31/07/2026;Blue;Lose;Meruem;Clashlane;Biron;Florentino;Flash;S8UL Esports;Team Flash;0 - 1;1;1;8;8700;0;1;0;0;0;60500;116900;17:03;Play-in;Group A;IND;;;
KWC26_PI_M07_G1;31/07/2026;Blue;Lose;Kong;Jungler;Chicha;Mai Shiranui;Smite;S8UL Esports;Team Flash;0 - 1;11;3;2;15000;0;1;0;0;0;164200;105400;17:03;Play-in;Group A;IND;;;
KWC26_PI_M07_G1;31/07/2026;Blue;Lose;Kyurem;Midlane;Lady Zhen;Charlotte;Flash;S8UL Esports;Team Flash;0 - 1;1;1;3;9100;0;1;0;0;0;99100;49400;17:03;Play-in;Group A;IND;;;
KWC26_PI_M07_G1;31/07/2026;Blue;Lose;Kaeltzy;Farmlane;Ao Yin;Musashi;Flash;S8UL Esports;Team Flash;0 - 1;2;3;1;10500;0;1;0;0;0;69900;48100;17:03;Play-in;Group A;IND;;;
KWC26_PI_M07_G1;31/07/2026;Blue;Lose;Doofy;Roamer;Lapu lapu;;Flash;S8UL Esports;Team Flash;0 - 1;1;3;11;8000;0;1;0;0;0;40300;95400;17:03;Play-in;Group A;IND;;;
KWC26_PI_M07_G2;31/07/2026;Red;Win;Yuh;Clashlane;Guan Yu;Haya;Sprint;Team Flash;S8UL Esports;2 - 0;0;4;6;10400;2;1;0;0;2;;;18:56;Play-in;Group A;VN;;;
KWC26_PI_M07_G2;31/07/2026;Red;Win;Julius;Jungler;Yang Jian;Pei;Smite;Team Flash;S8UL Esports;2 - 0;4;3;6;12900;2;1;0;0;2;;;18:56;Play-in;Group A;VN;;;
KWC26_PI_M07_G2;31/07/2026;Red;Win;HieuDuc;Midlane;Garuda;Musashi;Flash;Team Flash;S8UL Esports;2 - 0;1;0;10;11000;2;1;0;0;2;;;18:56;Play-in;Group A;VN;;;
KWC26_PI_M07_G2;31/07/2026;Red;Win;Ryn;Farmlane;Ao Yin;Luna;Flash;Team Flash;S8UL Esports;2 - 0;5;0;5;12800;2;1;0;0;2;;;18:56;Play-in;Group A;VN;;;
KWC26_PI_M07_G2;31/07/2026;Red;Win;Tofu;Roamer;Dolia;;Heal;Team Flash;S8UL Esports;2 - 0;3;3;9;9600;2;1;0;0;2;;;18:56;Play-in;Group A;VN;;;
KWC26_PI_M07_G2;31/07/2026;Blue;Lose;Meruem;Clashlane;Xiang Yu;Mai Shiranui;Flash;S8UL Esports;Team Flash;0 - 2;0;3;7;9000;0;1;0;1;0;;;18:56;Play-in;Group A;IND;;;
KWC26_PI_M07_G2;31/07/2026;Blue;Lose;Kong;Jungler;Nezha;Florentino;Smite;S8UL Esports;Team Flash;0 - 2;3;3;4;12800;0;1;0;1;0;;;18:56;Play-in;Group A;IND;;;
KWC26_PI_M07_G2;31/07/2026;Blue;Lose;Kyurem;Midlane;Lorion;Nuwa;Flash;S8UL Esports;Team Flash;0 - 2;0;4;9;9400;0;1;0;1;0;;;18:56;Play-in;Group A;IND;;;
KWC26_PI_M07_G2;31/07/2026;Blue;Lose;Kaeltzy;Farmlane;Flowborn(FL);Shi;Flash;S8UL Esports;Team Flash;0 - 2;6;1;3;16000;0;1;0;1;0;;;18:56;Play-in;Group A;IND;;;
KWC26_PI_M07_G2;31/07/2026;Blue;Lose;Doofy;Roamer;Zhang Fei;;Heal;S8UL Esports;Team Flash;0 - 2;1;2;8;8500;0;1;0;1;0;;;18:56;Play-in;Group A;IND;;;
KWC26_PI_M08_G1;31/07/2026;Blue;Lose;iHanss;Clashlane;Florentino;Biron;Flash;OG Esports;Blacklist Intl.;0 - 1;0;3;3;7000;0;0;0;1;0;;;11:12;Play-in;Group B;ID;;;
KWC26_PI_M08_G1;31/07/2026;Blue;Lose;DaoDao;Jungler;Pei;Mai Shiranui;Smite;OG Esports;Blacklist Intl.;0 - 1;2;2;1;8400;0;0;0;1;0;;;11:12;Play-in;Group B;ID;;;
KWC26_PI_M08_G1;31/07/2026;Blue;Lose;Niel;Midlane;Xiao Qiao;Devara;Flash;OG Esports;Blacklist Intl.;0 - 1;1;2;2;5500;0;0;0;1;0;;;11:12;Play-in;Group B;ID;;;
KWC26_PI_M08_G1;31/07/2026;Blue;Lose;Ahem;Farmlane;Lady Sun;Shi;Flash;OG Esports;Blacklist Intl.;0 - 1;0;2;0;7000;0;0;0;1;0;;;11:12;Play-in;Group B;ID;;;
KWC26_PI_M08_G1;31/07/2026;Blue;Lose;663;Roamer;Lapu lapu;;Flash;OG Esports;Blacklist Intl.;0 - 1;0;3;3;4400;0;0;0;1;0;;;11:12;Play-in;Group B;ID;;;
KWC26_PI_M08_G1;31/07/2026;Red;Win;Chammy1;Clashlane;Guan Yu;Ao Yin;Sprint;Blacklist Intl.;OG Esports;1 - 0;3;0;5;8400;2;1;0;0;0;;;11:12;Play-in;Group B;PH;;;
KWC26_PI_M08_G1;31/07/2026;Red;Win;Juschie;Jungler;Ukyo Tachibana;Haya;Smite;Blacklist Intl.;OG Esports;1 - 0;4;0;4;10900;2;1;0;0;0;;;11:12;Play-in;Group B;PH;;;
KWC26_PI_M08_G1;31/07/2026;Red;Win;Dragon;Midlane;Lorion;Flowborn(FL);Flash;Blacklist Intl.;OG Esports;1 - 0;0;1;7;6100;2;1;0;0;0;;;11:12;Play-in;Group B;PH;;;
KWC26_PI_M08_G1;31/07/2026;Red;Win;Goldenk1te;Farmlane;Chicha;Erin;Frenzy;Blacklist Intl.;OG Esports;1 - 0;5;1;2;8500;2;1;0;0;0;;;11:12;Play-in;Group B;PH;;;
KWC26_PI_M08_G1;31/07/2026;Red;Win;Chazz;Roamer;Zhang Fei;;Heal;Blacklist Intl.;OG Esports;1 - 0;0;1;11;5900;2;1;0;0;0;;;11:12;Play-in;Group B;PH;;;
KWC26_PI_M08_G2;31/07/2026;Blue;Win;iHanss;Clashlane;Dharma;Biron;Flash;OG Esports;Blacklist Intl.;1 - 1;0;3;6;8400;1;1;0;0;1;28400;71000;13:58;Play-in;Group B;ID;;;
KWC26_PI_M08_G2;31/07/2026;Blue;Win;DaoDao;Jungler;Yang Jian;Charlotte;Smite;OG Esports;Blacklist Intl.;1 - 1;5;0;5;12400;1;1;0;0;1;131500;122400;13:58;Play-in;Group B;ID;;;
KWC26_PI_M08_G2;31/07/2026;Blue;Win;Niel;Midlane;Haya;Arli;Flash;OG Esports;Blacklist Intl.;1 - 1;5;1;4;10200;1;1;0;0;1;62700;46100;13:58;Play-in;Group B;ID;;;
KWC26_PI_M08_G2;31/07/2026;Blue;Win;Ahem;Farmlane;Erin;Di Renjie;Flash;OG Esports;Blacklist Intl.;1 - 1;4;2;6;10300;1;1;0;0;1;43900;23200;13:58;Play-in;Group B;ID;;;
KWC26_PI_M08_G2;31/07/2026;Blue;Win;663;Roamer;Dolia;;Heal;OG Esports;Blacklist Intl.;1 - 1;0;1;11;7300;1;1;0;0;1;36500;66500;13:58;Play-in;Group B;ID;;;
KWC26_PI_M08_G2;31/07/2026;Red;Lose;Chammy1;Clashlane;Fatih;Ao Yin;Flash;Blacklist Intl.;OG Esports;1 - 1;1;4;4;8400;0;0;0;0;0;65000;79100;13:58;Play-in;Group B;PH;;;
KWC26_PI_M08_G2;31/07/2026;Red;Lose;Juschie;Jungler;Agudo;Zhang Fei;Smite;Blacklist Intl.;OG Esports;1 - 1;2;2;2;8800;0;0;0;0;0;71400;113100;13:58;Play-in;Group B;PH;;;
KWC26_PI_M08_G2;31/07/2026;Red;Lose;Dragon;Midlane;Xiao Qiao;Chano;Flash;Blacklist Intl.;OG Esports;1 - 1;0;4;5;6100;0;0;0;0;0;56000;42200;13:58;Play-in;Group B;PH;;;
KWC26_PI_M08_G2;31/07/2026;Red;Lose;Goldenk1te;Farmlane;Flowborn(FL);Chicha;Flash;Blacklist Intl.;OG Esports;1 - 1;3;1;1;10400;0;0;0;0;0;94000;40400;13:58;Play-in;Group B;PH;;;
KWC26_PI_M08_G2;31/07/2026;Red;Lose;Chazz;Roamer;Mozi;;Flash;Blacklist Intl.;OG Esports;1 - 1;1;3;5;5700;0;0;0;0;0;42800;74500;13:58;Play-in;Group B;PH;;;
KWC26_PI_M08_G3;31/07/2026;Red;Lose;iHanss;Clashlane;Biron;Haya;Flash;OG Esports;Blacklist Intl.;1 - 2;0;1;3;8000;0;1;0;1;0;50400;94000;13:35;Play-in;Group B;ID;;;
KWC26_PI_M08_G3;31/07/2026;Red;Lose;DaoDao;Jungler;Jing;Mai Shiranui;Smite;OG Esports;Blacklist Intl.;1 - 2;3;2;3;11400;0;1;0;1;0;61400;42000;13:35;Play-in;Group B;ID;;;
KWC26_PI_M08_G3;31/07/2026;Red;Lose;Niel;Midlane;Wang Zhaojun;Kaizer;Flash;OG Esports;Blacklist Intl.;1 - 2;1;4;4;5600;0;1;0;1;0;34800;36600;13:35;Play-in;Group B;ID;;;
KWC26_PI_M08_G3;31/07/2026;Red;Lose;Ahem;Farmlane;Fang;Umbrosa;Flash;OG Esports;Blacklist Intl.;1 - 2;2;2;2;9800;0;1;0;1;0;38100;27400;13:35;Play-in;Group B;ID;;;
KWC26_PI_M08_G3;31/07/2026;Red;Lose;663;Roamer;Liang;;Flash;OG Esports;Blacklist Intl.;1 - 2;0;4;4;5500;0;1;0;1;0;27900;38200;13:35;Play-in;Group B;ID;;;
KWC26_PI_M08_G3;31/07/2026;Blue;Win;Chammy1;Clashlane;Charlotte;Zhang Fei;Flash;Blacklist Intl.;OG Esports;2 - 1;3;0;8;11900;1;0;0;0;0;54900;40200;13:35;Play-in;Group B;PH;;;
KWC26_PI_M08_G3;31/07/2026;Blue;Win;Juschie;Jungler;Yang Jian;Ukyo Tachibana;Smite;Blacklist Intl.;OG Esports;2 - 1;4;1;6;9200;1;0;0;0;0;62400;61600;13:35;Play-in;Group B;PH;;;
KWC26_PI_M08_G3;31/07/2026;Blue;Win;Dragon;Midlane;Nuwa;Chano;Flash;Blacklist Intl.;OG Esports;2 - 1;0;2;6;7100;1;0;0;0;0;48800;20900;13:35;Play-in;Group B;PH;;;
KWC26_PI_M08_G3;31/07/2026;Blue;Win;Goldenk1te;Farmlane;Ao Yin;Flowborn(FL);Flash;Blacklist Intl.;OG Esports;2 - 1;4;1;4;10200;1;0;0;0;0;47000;28100;13:35;Play-in;Group B;PH;;;
KWC26_PI_M08_G3;31/07/2026;Blue;Win;Chazz;Roamer;Lian Po;;Flash;Blacklist Intl.;OG Esports;2 - 1;2;2;7;6600;1;0;0;0;0;25100;61800;13:35;Play-in;Group B;PH;;;
KWC26_PI_M09_G1;31/07/2026;Blue;Win;Yuseong;Clashlane;Guan Yu;Mai Shiranui;Sprint;Buriram United;Team Flash;1 - 0;0;1;5;8000;2;1;0;0;1;24000;42200;15:03;Play-in;Group A;TH;;;
KWC26_PI_M09_G1;31/07/2026;Blue;Win;Valdus;Jungler;Nezha;Ao Yin;Smite;Buriram United;Team Flash;1 - 0;1;2;16;10100;2;1;0;0;1;53000;52800;15:03;Play-in;Group A;TH;;;
KWC26_PI_M09_G1;31/07/2026;Blue;Win;NuNu;Midlane;Lorion;Charlotte;Flash;Buriram United;Team Flash;1 - 0;8;0;7;10400;2;1;0;0;1;105300;35800;15:03;Play-in;Group A;TH;;;
KWC26_PI_M09_G1;31/07/2026;Blue;Win;Ligky;Farmlane;Chicha;Augran;Frenzy;Buriram United;Team Flash;1 - 0;6;0;5;12800;2;1;0;0;1;64100;41900;15:03;Play-in;Group A;TH;;;
KWC26_PI_M09_G1;31/07/2026;Blue;Win;Taoz;Roamer;Zhang Fei;;Heal;Buriram United;Team Flash;1 - 0;2;0;12;7900;2;1;0;0;1;30100;89300;15:03;Play-in;Group A;TH;;;
KWC26_PI_M09_G1;31/07/2026;Red;Lose;Yuh;Clashlane;Biron;Florentino;Flash;Team Flash;Buriram United;0 - 1;0;4;1;7600;0;1;0;1;0;36200;70600;15:03;Play-in;Group A;VN;;;
KWC26_PI_M09_G1;31/07/2026;Red;Lose;Julius;Jungler;Nakoruru;Pei;Smite;Team Flash;Buriram United;0 - 1;1;6;2;8900;0;1;0;1;0;38800;49900;15:03;Play-in;Group A;VN;;;
KWC26_PI_M09_G1;31/07/2026;Red;Lose;HieuDuc;Midlane;Nuwa;Jing;Flash;Team Flash;Buriram United;0 - 1;1;2;0;7600;0;1;0;1;0;90600;39200;15:03;Play-in;Group A;VN;;;
KWC26_PI_M09_G1;31/07/2026;Red;Lose;Ryn;Farmlane;Chano;Agudo;Flash;Team Flash;Buriram United;0 - 1;1;2;2;9300;0;1;0;1;0;62100;40400;15:03;Play-in;Group A;VN;;;
KWC26_PI_M09_G1;31/07/2026;Red;Lose;Tofu;Roamer;Lapu lapu;;Flash;Team Flash;Buriram United;0 - 1;0;3;3;6400;0;1;0;1;0;34400;76500;15:03;Play-in;Group A;VN;;;
KWC26_PI_M09_G2;31/07/2026;Red;Win;Yuseong;Clashlane;Dharma;Florentino;Flash;Buriram United;Team Flash;2 - 0;1;3;5;13000;2;3;1;0;2;83600;84600;22:32;Play-in;Group A;TH;;;
KWC26_PI_M09_G2;31/07/2026;Red;Win;Valdus;Jungler;Augran;Pei;Smite;Buriram United;Team Flash;2 - 0;7;0;8;16700;2;3;1;0;2;146500;94100;22:32;Play-in;Group A;TH;;;
KWC26_PI_M09_G2;31/07/2026;Red;Win;NuNu;Midlane;Xiao Qiao;Guan Yu;Flash;Buriram United;Team Flash;2 - 0;4;1;10;13700;2;3;1;0;2;172400;48300;22:32;Play-in;Group A;TH;;;
KWC26_PI_M09_G2;31/07/2026;Red;Win;Ligky;Farmlane;Arli;Charlotte;Frenzy;Buriram United;Team Flash;2 - 0;4;2;9;17100;2;3;1;0;2;204600;87200;22:32;Play-in;Group A;TH;;;
KWC26_PI_M09_G2;31/07/2026;Red;Win;Taoz;Roamer;Lapu lapu;;Flash;Buriram United;Team Flash;2 - 0;1;3;13;11500;2;3;1;0;2;82900;145900;22:32;Play-in;Group A;TH;;;
KWC26_PI_M09_G2;31/07/2026;Blue;Lose;Yuh;Clashlane;Ata;Chano;Flash;Team Flash;Buriram United;0 - 2;1;2;3;12300;0;0;0;1;0;71800;174700;22:32;Play-in;Group A;VN;;;
KWC26_PI_M09_G2;31/07/2026;Blue;Lose;Julius;Jungler;Lam;Mai Shiranui;Smite;Team Flash;Buriram United;0 - 2;5;5;3;15600;0;0;0;1;0;78800;113300;22:32;Play-in;Group A;VN;;;
KWC26_PI_M09_G2;31/07/2026;Blue;Lose;HieuDuc;Midlane;Lorion;Biron;Flash;Team Flash;Buriram United;0 - 2;2;5;4;12700;0;0;0;1;0;146400;83900;22:32;Play-in;Group A;VN;;;
KWC26_PI_M09_G2;31/07/2026;Blue;Lose;Ryn;Farmlane;Ao Yin;Fatih;Flash;Team Flash;Buriram United;0 - 2;1;2;4;13400;0;0;0;1;0;112900;82900;22:32;Play-in;Group A;VN;;;
KWC26_PI_M09_G2;31/07/2026;Blue;Lose;Tofu;Roamer;Zhang Fei;;Heal;Team Flash;Buriram United;0 - 2;0;3;5;10100;0;0;0;1;0;50300;235100;22:32;Play-in;Group A;VN;;;
KWC26_PI_M10_G1;31/07/2026;Blue;Lose;Ratel;Clashlane;Guan Yu;Pei;Sprint;NS RedForce;Blacklist Intl.;0 - 1;1;2;5;11600;0;1;0;0;0;47100;81200;18:02;Play-in;Group B;KR;;;
KWC26_PI_M10_G1;31/07/2026;Blue;Lose;Haku;Jungler;Augran;Agudo;Smite;NS RedForce;Blacklist Intl.;0 - 1;4;2;3;11900;0;1;0;0;0;137900;160100;18:02;Play-in;Group B;KR;;;
KWC26_PI_M10_G1;31/07/2026;Blue;Lose;Illusion;Midlane;Lorion;Di Renjie;Flash;NS RedForce;Blacklist Intl.;0 - 1;1;2;6;10500;0;1;0;0;0;229500;54000;18:02;Play-in;Group B;KR;;;
KWC26_PI_M10_G1;31/07/2026;Blue;Lose;Siri;Farmlane;Hou Yi;Flowborn(FL);Flash;NS RedForce;Blacklist Intl.;0 - 1;1;6;5;12800;0;1;0;0;0;133400;57900;18:02;Play-in;Group B;KR;;;
KWC26_PI_M10_G1;31/07/2026;Blue;Lose;Namu3;Roamer;Lian Po;;Flash;NS RedForce;Blacklist Intl.;0 - 1;0;2;6;7600;0;1;0;0;0;45300;132100;18:02;Play-in;Group B;KR;;;
KWC26_PI_M10_G1;31/07/2026;Red;Win;Chammy1;Clashlane;Charlotte;Ao Yin;Flash;Blacklist Intl.;NS RedForce;1 - 0;6;2;6;14700;2;1;0;0;2;106900;94400;18:02;Play-in;Group B;PH;;;
KWC26_PI_M10_G1;31/07/2026;Red;Win;Juschie;Jungler;Flowborn(JG);Chicha;Smite;Blacklist Intl.;NS RedForce;1 - 0;1;1;8;11600;2;1;0;0;2;93400;221700;18:02;Play-in;Group B;PH;;;
KWC26_PI_M10_G1;31/07/2026;Red;Win;Dragon;Midlane;Garuda;Lapu lapu;Flash;Blacklist Intl.;NS RedForce;1 - 0;1;2;7;9800;2;1;0;0;2;126000;61500;18:02;Play-in;Group B;PH;;;
KWC26_PI_M10_G1;31/07/2026;Red;Win;Goldenk1te;Farmlane;Arli;Dyadia;Frenzy;Blacklist Intl.;NS RedForce;1 - 0;5;1;5;14500;2;1;0;0;2;125400;64700;18:02;Play-in;Group B;PH;;;
KWC26_PI_M10_G1;31/07/2026;Red;Win;Chazz;Roamer;Zhang Fei;;Heal;Blacklist Intl.;NS RedForce;1 - 0;1;1;10;9100;2;1;0;0;2;33700;150900;18:02;Play-in;Group B;PH;;;
KWC26_PI_M10_G2;31/07/2026;Blue;Lose;Ratel;Clashlane;Charlotte;Ukyo Tachibana;Flash;NS RedForce;Blacklist Intl.;0 - 2;0;3;4;10200;1;1;0;0;0;30000;59600;15:03;Play-in;Group B;KR;;;
KWC26_PI_M10_G2;31/07/2026;Blue;Lose;Haku;Jungler;Dun;Lorion;Smite;NS RedForce;Blacklist Intl.;0 - 2;1;2;1;8300;1;1;0;0;0;42600;108800;15:03;Play-in;Group B;KR;;;
KWC26_PI_M10_G2;31/07/2026;Blue;Lose;Illusion;Midlane;Garuda;Biron;Flash;NS RedForce;Blacklist Intl.;0 - 2;0;4;4;7800;1;1;0;0;0;63700;42300;15:03;Play-in;Group B;KR;;;
KWC26_PI_M10_G2;31/07/2026;Blue;Lose;Siri;Farmlane;Ao Yin;Guan Yu;Flash;NS RedForce;Blacklist Intl.;0 - 2;3;1;0;11700;1;1;0;0;0;78100;49200;15:03;Play-in;Group B;KR;;;
KWC26_PI_M10_G2;31/07/2026;Blue;Lose;Namu3;Roamer;Mozi;;Flash;NS RedForce;Blacklist Intl.;0 - 2;1;3;4;6500;1;1;0;0;0;49700;71100;15:03;Play-in;Group B;KR;;;
KWC26_PI_M10_G2;31/07/2026;Red;Win;Chammy1;Clashlane;Florentino;Pei;Flash;Blacklist Intl.;NS RedForce;2 - 0;3;0;5;11800;1;1;0;0;1;52600;42400;15:03;Play-in;Group B;PH;;;
KWC26_PI_M10_G2;31/07/2026;Red;Win;Juschie;Jungler;Jing;Zhang Fei;Smite;Blacklist Intl.;NS RedForce;2 - 0;2;1;7;13300;1;1;0;0;1;67900;51400;15:03;Play-in;Group B;PH;;;
KWC26_PI_M10_G2;31/07/2026;Red;Win;Dragon;Midlane;Haya;Flowborn(JG);Flash;Blacklist Intl.;NS RedForce;2 - 0;0;1;8;8600;1;1;0;0;1;61700;40400;15:03;Play-in;Group B;PH;;;
KWC26_PI_M10_G2;31/07/2026;Red;Win;Goldenk1te;Farmlane;Chano;Nezha;Flash;Blacklist Intl.;NS RedForce;2 - 0;7;1;2;12100;1;1;0;0;1;113200;38900;15:03;Play-in;Group B;PH;;;
KWC26_PI_M10_G2;31/07/2026;Red;Win;Chazz;Roamer;Lian Po;;Flash;Blacklist Intl.;NS RedForce;2 - 0;1;2;9;7500;1;1;0;0;1;35500;91000;15:03;Play-in;Group B;PH;;;
KWC26_GS_M01_G1;01/08/2026;Red;Win;Siang;Clashlane;Guan Yu;Zhang Fei;Sprint;Aurora Gaming;Titan Esports Club;1 - 0;2;1;7;8300;1;1;0;0;1;37700;31700;11:07;Group Stage;Group B;MY;;;
KWC26_GS_M01_G1;01/08/2026;Red;Win;YuLong;Jungler;Luna;Pei;Smite;Aurora Gaming;Titan Esports Club;1 - 0;5;0;8;10500;1;1;0;0;1;72400;30800;11:07;Group Stage;Group B;MY;;;
KWC26_GS_M01_G1;01/08/2026;Red;Win;ZhiHong;Midlane;Haya;Annette;Flash;Aurora Gaming;Titan Esports Club;1 - 0;7;0;8;9100;1;1;0;0;1;71900;43400;11:07;Group Stage;Group B;MY;;;
KWC26_GS_M01_G1;01/08/2026;Red;Win;JR;Farmlane;Ao Yin;Mozi;Flash;Aurora Gaming;Titan Esports Club;1 - 0;2;0;5;8600;1;1;0;0;1;41200;13900;11:07;Group Stage;Group B;MY;;;
KWC26_GS_M01_G1;01/08/2026;Red;Win;Saber;Roamer;Lapu lapu;;Flash;Aurora Gaming;Titan Esports Club;1 - 0;1;0;14;6100;1;1;0;0;1;34500;46700;11:07;Group Stage;Group B;MY;;;
KWC26_GS_M01_G1;01/08/2026;Blue;Lose;Calm;Clashlane;Biron;Mai Shiranui;Flash;Titan Esports Club;Aurora Gaming;0 - 1;0;5;0;5300;1;0;0;0;0;18800;61000;11:07;Group Stage;Group B;PH;;;
KWC26_GS_M01_G1;01/08/2026;Blue;Lose;GuXing;Jungler;Ying;Dyadia;Smite;Titan Esports Club;Aurora Gaming;0 - 1;1;3;0;8600;1;0;0;0;0;41700;56900;11:07;Group Stage;Group B;PH;;;
KWC26_GS_M01_G1;01/08/2026;Blue;Lose;Katsu;Midlane;Lorion;Nezha;Flash;Titan Esports Club;Aurora Gaming;0 - 1;0;2;0;5700;1;0;0;0;0;47300;32000;11:07;Group Stage;Group B;PH;;;
KWC26_GS_M01_G1;01/08/2026;Blue;Lose;QingC;Farmlane;Chano;Jing;Flash;Titan Esports Club;Aurora Gaming;0 - 1;0;4;0;7300;1;0;0;0;0;35000;30800;11:07;Group Stage;Group B;PH;;;
KWC26_GS_M01_G1;01/08/2026;Blue;Lose;Ivalice;Roamer;Lian Po;;Flash;Titan Esports Club;Aurora Gaming;0 - 1;0;3;0;4700;1;0;0;0;0;23600;76900;11:07;Group Stage;Group B;PH;;;
KWC26_GS_M01_G2;01/08/2026;Blue;Win;Siang;Clashlane;Florentino;Ao Yin;Flash;Aurora Gaming;Titan Esports Club;2 - 0;0;0;2;7300;2;0;0;0;0;24500;24700;10:13;Group Stage;Group B;MY;;;
KWC26_GS_M01_G2;01/08/2026;Blue;Win;YuLong;Jungler;Pei;Haya;Smite;Aurora Gaming;Titan Esports Club;2 - 0;7;0;2;11500;2;0;0;0;0;48600;32600;10:13;Group Stage;Group B;MY;;;
KWC26_GS_M01_G2;01/08/2026;Blue;Win;ZhiHong;Midlane;Yu Huan;Ata;Flash;Aurora Gaming;Titan Esports Club;2 - 0;0;0;8;7700;2;0;0;0;0;50900;38800;10:13;Group Stage;Group B;MY;;;
KWC26_GS_M01_G2;01/08/2026;Blue;Win;JR;Farmlane;Consort Yu;Kui;Flash;Aurora Gaming;Titan Esports Club;2 - 0;3;0;4;8300;2;0;0;0;0;52500;14200;10:13;Group Stage;Group B;MY;;;
KWC26_GS_M01_G2;01/08/2026;Blue;Win;Saber;Roamer;Zhang Fei;;Heal;Aurora Gaming;Titan Esports Club;2 - 0;0;2;9;5100;2;0;0;0;0;18100;57400;10:13;Group Stage;Group B;MY;;;
KWC26_GS_M01_G2;01/08/2026;Red;Lose;Calm;Clashlane;Liu Bang;Lorion;Flash;Titan Esports Club;Aurora Gaming;0 - 2;1;2;1;5500;0;0;0;0;0;23900;42500;10:13;Group Stage;Group B;PH;;;
KWC26_GS_M01_G2;01/08/2026;Red;Lose;GuXing;Jungler;Jing;Mai Shiranui;Smite;Titan Esports Club;Aurora Gaming;0 - 2;0;2;1;6800;0;0;0;0;0;31700;41000;10:13;Group Stage;Group B;PH;;;
KWC26_GS_M01_G2;01/08/2026;Red;Lose;Katsu;Midlane;Xiao Qiao;Erin;Flash;Titan Esports Club;Aurora Gaming;0 - 2;0;2;2;5100;0;0;0;0;0;52600;26700;10:13;Group Stage;Group B;PH;;;
KWC26_GS_M01_G2;01/08/2026;Red;Lose;QingC;Farmlane;Chicha;Chano;Frenzy;Titan Esports Club;Aurora Gaming;0 - 2;1;2;1;6300;0;0;0;0;0;36300;38200;10:13;Group Stage;Group B;PH;;;
KWC26_GS_M01_G2;01/08/2026;Red;Lose;Ivalice;Roamer;Annette;;Flash;Titan Esports Club;Aurora Gaming;0 - 2;0;2;1;4200;0;0;0;0;0;23200;46300;10:13;Group Stage;Group B;PH;;;
KWC26_GS_M02_G1;01/08/2026;Red;Lose;Xuan;Clashlane;Biron;Pei;Flash;ROC Esports;Influence Rage;0 - 1;0;4;2;9400;0;0;0;1;1;46400;123300;17:46;Group Stage;Group B;MY;;;
KWC26_GS_M02_G1;01/08/2026;Red;Lose;KongLing;Jungler;Ying;Liang;Smite;ROC Esports;Influence Rage;0 - 1;1;2;1;12300;0;0;0;1;1;82500;86600;17:46;Group Stage;Group B;MY;;;
KWC26_GS_M02_G1;01/08/2026;Red;Lose;Wendy;Midlane;Garuda;Jing;Flash;ROC Esports;Influence Rage;0 - 1;0;0;1;11000;0;0;0;1;1;168500;44200;17:46;Group Stage;Group B;MY;;;
KWC26_GS_M02_G1;01/08/2026;Red;Lose;Muci;Farmlane;Chano;Musashi;Flash;ROC Esports;Influence Rage;0 - 1;2;3;1;12200;0;0;0;1;1;82300;42500;17:46;Group Stage;Group B;MY;;;
KWC26_GS_M02_G1;01/08/2026;Red;Lose;Weipit;Roamer;Lapu lapu;;Flash;ROC Esports;Influence Rage;0 - 1;0;4;3;8100;0;0;0;1;1;37200;118600;17:46;Group Stage;Group B;MY;;;
KWC26_GS_M02_G1;01/08/2026;Blue;Win;Tempest;Clashlane;Dharma;Guan Yu;Flash;Influence Rage;ROC Esports;1 - 0;0;1;8;11200;2;2;0;0;1;45900;87200;17:46;Group Stage;Group B;BR;;;
KWC26_GS_M02_G1;01/08/2026;Blue;Win;Dani;Jungler;Agudo;Mai Shiranui;Smite;Influence Rage;ROC Esports;1 - 0;6;1;5;14700;2;2;0;0;1;90800;140400;17:46;Group Stage;Group B;BR;;;
KWC26_GS_M02_G1;01/08/2026;Blue;Win;Fury;Midlane;Lorion;Luna;Flash;Influence Rage;ROC Esports;1 - 0;2;0;9;9700;2;2;0;0;1;159700;53500;17:46;Group Stage;Group B;BR;;;
KWC26_GS_M02_G1;01/08/2026;Blue;Win;Lefy;Farmlane;Ao Yin;Yang Jian;Flash;Influence Rage;ROC Esports;1 - 0;5;1;7;13700;2;2;0;0;1;98100;63700;17:46;Group Stage;Group B;BR;;;
KWC26_GS_M02_G1;01/08/2026;Blue;Win;Maynah;Roamer;Zhang Fei;;Heal;Influence Rage;ROC Esports;1 - 0;0;0;13;8800;2;2;0;0;1;20600;113100;17:46;Group Stage;Group B;BR;;;
KWC26_GS_M02_G2;01/08/2026;Blue;Win;Xuan;Clashlane;Charlotte;Annette;Flash;ROC Esports;Influence Rage;1 - 1;0;2;8;9600;2;1;0;0;1;40500;49900;13:36;Group Stage;Group B;MY;;;
KWC26_GS_M02_G2;01/08/2026;Blue;Win;KongLing;Jungler;Augran;Mai Shiranui;Smite;ROC Esports;Influence Rage;1 - 1;11;1;2;12400;2;1;0;0;1;91200;94900;13:36;Group Stage;Group B;MY;;;
KWC26_GS_M02_G2;01/08/2026;Blue;Win;Wendy;Midlane;Lorion;Musashi;Flash;ROC Esports;Influence Rage;1 - 1;2;2;13;9500;2;1;0;0;1;145000;20600;13:36;Group Stage;Group B;MY;;;
KWC26_GS_M02_G2;01/08/2026;Blue;Win;Muci;Farmlane;Chicha;Luna;Flash;ROC Esports;Influence Rage;1 - 1;5;1;8;11500;2;1;0;0;1;91300;48100;13:36;Group Stage;Group B;MY;;;
KWC26_GS_M02_G2;01/08/2026;Blue;Win;Weipit;Roamer;Zhang Fei;;Heal;ROC Esports;Influence Rage;1 - 1;0;2;14;7400;2;1;0;0;1;29700;89500;13:36;Group Stage;Group B;MY;;;
KWC26_GS_M02_G2;01/08/2026;Red;Lose;Tempest;Clashlane;Bai Qi;Pei;Flash;Influence Rage;ROC Esports;1 - 1;2;5;3;6900;0;0;0;0;0;33400;119700;13:36;Group Stage;Group B;BR;;;
KWC26_GS_M02_G2;01/08/2026;Red;Lose;Dani;Jungler;Ukyo Tachibana;Guan Yu;Smite;Influence Rage;ROC Esports;1 - 1;1;5;7;9900;0;0;0;0;0;60100;80700;13:36;Group Stage;Group B;BR;;;
KWC26_GS_M02_G2;01/08/2026;Red;Lose;Fury;Midlane;Xiao Qiao;Jing;Flash;Influence Rage;ROC Esports;1 - 1;1;4;6;6300;0;0;0;0;0;62500;52800;13:36;Group Stage;Group B;BR;;;
KWC26_GS_M02_G2;01/08/2026;Red;Lose;Lefy;Farmlane;Erin;Dharma;Flash;Influence Rage;ROC Esports;1 - 1;3;2;4;9400;0;0;0;0;0;120800;49700;13:36;Group Stage;Group B;BR;;;
KWC26_GS_M02_G2;01/08/2026;Red;Lose;Maynah;Roamer;Lapu lapu;;Flash;Influence Rage;ROC Esports;1 - 1;1;2;7;6400;0;0;0;0;0;26400;94800;13:36;Group Stage;Group B;BR;;;
KWC26_GS_M02_G3;01/08/2026;Red;Win;Xuan;Clashlane;Guan Yu;Pei;Sprint;ROC Esports;Influence Rage;2 - 1;0;1;6;6600;2;0;0;0;0;33200;26800;10:06;Group Stage;Group B;MY;;;
KWC26_GS_M02_G3;01/08/2026;Red;Win;KongLing;Jungler;Ukyo Tachibana;Chicha;Smite;ROC Esports;Influence Rage;2 - 1;4;0;4;9800;2;0;0;0;0;67400;21100;10:06;Group Stage;Group B;MY;;;
KWC26_GS_M02_G3;01/08/2026;Red;Win;Wendy;Midlane;Haya;Nuwa;Flash;ROC Esports;Influence Rage;2 - 1;3;0;3;8000;2;0;0;0;0;66500;19300;10:06;Group Stage;Group B;MY;;;
KWC26_GS_M02_G3;01/08/2026;Red;Win;Muci;Farmlane;Erin;Charlotte;Flash;ROC Esports;Influence Rage;2 - 1;1;0;5;7600;2;0;0;0;0;43300;16000;10:06;Group Stage;Group B;MY;;;
KWC26_GS_M02_G3;01/08/2026;Red;Win;Weipit;Roamer;Lian Po;;Flash;ROC Esports;Influence Rage;2 - 1;2;0;7;5600;2;0;0;0;0;33900;59600;10:06;Group Stage;Group B;MY;;;
KWC26_GS_M02_G3;01/08/2026;Blue;Lose;Tempest;Clashlane;Biron;Agudo;Flash;Influence Rage;ROC Esports;1 - 2;0;1;0;5300;0;0;0;0;0;16700;53500;10:06;Group Stage;Group B;BR;;;
KWC26_GS_M02_G3;01/08/2026;Blue;Lose;Dani;Jungler;Flowborn(JG);Ao Yin;Smite;Influence Rage;ROC Esports;1 - 2;1;4;0;5700;0;0;0;0;0;30000;86700;10:06;Group Stage;Group B;BR;;;
KWC26_GS_M02_G3;01/08/2026;Blue;Lose;Fury;Midlane;Da Qiao;Florentino;Flash;Influence Rage;ROC Esports;1 - 2;0;3;0;4700;0;0;0;0;0;24200;33700;10:06;Group Stage;Group B;BR;;;
KWC26_GS_M02_G3;01/08/2026;Blue;Lose;Lefy;Farmlane;Di Renjie;Lu Bu;Flash;Influence Rage;ROC Esports;1 - 2;0;1;1;6400;0;0;0;0;0;44500;29800;10:06;Group Stage;Group B;BR;;;
KWC26_GS_M02_G3;01/08/2026;Blue;Lose;Maynah;Roamer;Annette;;Flash;Influence Rage;ROC Esports;1 - 2;0;1;1;4200;0;0;0;0;0;27300;40500;10:06;Group Stage;Group B;BR;;;
KWC26_GS_M03_G1;01/08/2026;Blue;Win;GuiYu;Clashlane;Charlotte;Lorion;Flash;Geekay Esports;Deep Cross Gaming;1 - 0;3;4;8;12000;2;1;0;1;0;94200;68400;17:26;Group Stage;Group D;MY;;;
KWC26_GS_M03_G1;01/08/2026;Blue;Win;MusangKing;Jungler;Yao;Chano;Smite;Geekay Esports;Deep Cross Gaming;1 - 0;8;1;4;15200;2;1;0;1;0;83200;62200;17:26;Group Stage;Group D;MY;;;
KWC26_GS_M03_G1;01/08/2026;Blue;Win;Shisan;Midlane;Wang Zhaojun;Kaizer;Flash;Geekay Esports;Deep Cross Gaming;1 - 0;1;1;11;8500;2;1;0;1;0;54500;46200;17:26;Group Stage;Group D;MY;;;
KWC26_GS_M03_G1;01/08/2026;Blue;Win;Jem;Farmlane;Ao Yin;Agudo;Flash;Geekay Esports;Deep Cross Gaming;1 - 0;4;1;5;15100;2;1;0;1;0;87400;48700;17:26;Group Stage;Group D;MY;;;
KWC26_GS_M03_G1;01/08/2026;Blue;Win;Zhe;Roamer;Liang;;Flash;Geekay Esports;Deep Cross Gaming;1 - 0;0;3;13;8900;2;1;0;1;0;27100;49300;17:26;Group Stage;Group D;MY;;;
KWC26_GS_M03_G1;01/08/2026;Red;Lose;Clean;Clashlane;Guan Yu;Pei;Sprint;Deep Cross Gaming;Geekay Esports;0 - 1;2;4;4;9500;0;1;0;0;2;38700;93000;17:26;Group Stage;Group D;TW;;;
KWC26_GS_M03_G1;01/08/2026;Red;Lose;Godwu;Jungler;Jing;Mai Shiranui;Smite;Deep Cross Gaming;Geekay Esports;0 - 1;2;2;5;14700;0;1;0;0;2;46200;42700;17:26;Group Stage;Group D;TW;;;
KWC26_GS_M03_G1;01/08/2026;Red;Lose;Ethan;Midlane;Haya;Luna;Flash;Deep Cross Gaming;Geekay Esports;0 - 1;1;4;4;8900;0;1;0;0;2;44900;72200;17:26;Group Stage;Group D;TW;;;
KWC26_GS_M03_G1;01/08/2026;Red;Lose;Son;Farmlane;Flowborn(FL);Musashi;Flash;Deep Cross Gaming;Geekay Esports;0 - 1;5;4;2;13600;0;1;0;0;2;88000;56700;17:26;Group Stage;Group D;TW;;;
KWC26_GS_M03_G1;01/08/2026;Red;Lose;Xin;Roamer;Annette;;Flash;Deep Cross Gaming;Geekay Esports;0 - 1;0;2;6;8600;0;1;0;0;2;56800;81900;17:26;Group Stage;Group D;TW;;;
KWC26_GS_M03_G2;01/08/2026;Blue;Win;GuiYu;Clashlane;Guan Yu;Ao Yin;Sprint;Geekay Esports;Deep Cross Gaming;2 - 0;2;1;7;9300;2;0;0;0;1;38000;36100;11:25;Group Stage;Group D;MY;;;
KWC26_GS_M03_G2;01/08/2026;Blue;Win;MusangKing;Jungler;Augran;Liang;Smite;Geekay Esports;Deep Cross Gaming;2 - 0;5;0;3;10200;2;0;0;0;1;46000;50500;11:25;Group Stage;Group D;MY;;;
KWC26_GS_M03_G2;01/08/2026;Blue;Win;Shisan;Midlane;Nuwa;Arli;Flash;Geekay Esports;Deep Cross Gaming;2 - 0;3;0;6;8000;2;0;0;0;1;64600;17100;11:25;Group Stage;Group D;MY;;;
KWC26_GS_M03_G2;01/08/2026;Blue;Win;Jem;Farmlane;Chicha;Erin;Flash;Geekay Esports;Deep Cross Gaming;2 - 0;4;0;7;9200;2;0;0;0;1;49200;35000;11:25;Group Stage;Group D;MY;;;
KWC26_GS_M03_G2;01/08/2026;Blue;Win;Zhe;Roamer;Annette;;Flash;Geekay Esports;Deep Cross Gaming;2 - 0;0;0;11;6200;2;0;0;0;1;16900;28800;11:25;Group Stage;Group D;MY;;;
KWC26_GS_M03_G2;01/08/2026;Red;Lose;Clean;Clashlane;Charlotte;Pei;Flash;Deep Cross Gaming;Geekay Esports;0 - 2;0;1;1;7100;0;0;0;0;0;26300;41400;11:25;Group Stage;Group D;TW;;;
KWC26_GS_M03_G2;01/08/2026;Red;Lose;Godwu;Jungler;Musashi;Mai Shiranui;Smite;Deep Cross Gaming;Geekay Esports;0 - 2;0;4;0;7700;0;0;0;0;0;28700;43100;11:25;Group Stage;Group D;TW;;;
KWC26_GS_M03_G2;01/08/2026;Red;Lose;Ethan;Midlane;Lorion;Haya;Flash;Deep Cross Gaming;Geekay Esports;0 - 2;1;2;0;5400;0;0;0;0;0;67400;40600;11:25;Group Stage;Group D;TW;;;
KWC26_GS_M03_G2;01/08/2026;Red;Lose;Son;Farmlane;Alessio;Angela;Flash;Deep Cross Gaming;Geekay Esports;0 - 2;0;3;0;7200;0;0;0;0;0;27600;28100;11:25;Group Stage;Group D;TW;;;
KWC26_GS_M03_G2;01/08/2026;Red;Lose;Xin;Roamer;Lapu lapu;;Flash;Deep Cross Gaming;Geekay Esports;0 - 2;0;4;0;4400;0;0;0;0;0;17600;61500;11:25;Group Stage;Group D;TW;;;
KWC26_GS_M04_G1;01/08/2026;Blue;Lose;Miggie;Clashlane;Dharma;Guan Yu;Flash;BOOM Esports;Team Nemesis;0 - 1;0;3;1;7600;2;0;0;0;0;34900;94700;14:01;Group Stage;Group D;PH;;;
KWC26_GS_M04_G1;01/08/2026;Blue;Lose;Karlll;Jungler;Zilong;Mai Shiranui;Smite;BOOM Esports;Team Nemesis;0 - 1;1;2;1;10000;2;0;0;0;0;35100;59700;14:01;Group Stage;Group D;PH;;;
KWC26_GS_M04_G1;01/08/2026;Blue;Lose;Tatsurii;Midlane;Lorion;Jing;Flash;BOOM Esports;Team Nemesis;0 - 1;3;2;2;7800;2;0;0;0;0;106700;51600;14:01;Group Stage;Group D;PH;;;
KWC26_GS_M04_G1;01/08/2026;Blue;Lose;Daniii;Farmlane;Chano;Luna;Flash;BOOM Esports;Team Nemesis;0 - 1;2;3;3;9400;2;0;0;0;0;84400;41100;14:01;Group Stage;Group D;PH;;;
KWC26_GS_M04_G1;01/08/2026;Blue;Lose;Dr4w;Roamer;Lapu lapu;;Flash;BOOM Esports;Team Nemesis;0 - 1;0;3;3;5700;2;0;0;0;0;27500;71100;14:01;Group Stage;Group D;PH;;;
KWC26_GS_M04_G1;01/08/2026;Red;Win;Tufz;Clashlane;Biron;Pei;Flash;Team Nemesis;BOOM Esports;1 - 0;0;0;8;9500;0;1;0;0;1;81500;82000;14:01;Group Stage;Group D;ID;;;
KWC26_GS_M04_G1;01/08/2026;Red;Win;TianX;Jungler;Nezha;Haya;Smite;Team Nemesis;BOOM Esports;1 - 0;7;2;5;11100;0;1;0;0;1;67800;64000;14:01;Group Stage;Group D;ID;;;
KWC26_GS_M04_G1;01/08/2026;Red;Win;JerL;Midlane;Angela;Florentino;Flash;Team Nemesis;BOOM Esports;1 - 0;0;1;3;8900;0;1;0;0;1;65700;32300;14:01;Group Stage;Group D;ID;;;
KWC26_GS_M04_G1;01/08/2026;Red;Win;CC;Farmlane;Ao Yin;Charlotte;Flash;Team Nemesis;BOOM Esports;1 - 0;5;2;6;11500;0;1;0;0;1;66200;52200;14:01;Group Stage;Group D;ID;;;
KWC26_GS_M04_G1;01/08/2026;Red;Win;eL;Roamer;Dyadia;;Flash;Team Nemesis;BOOM Esports;1 - 0;1;1;12;7900;0;1;0;0;1;37000;58100;14:01;Group Stage;Group D;ID;;;
KWC26_GS_M04_G2;01/08/2026;Blue;Lose;Miggie;Clashlane;Ata;Guan Yu;Flash;BOOM Esports;Team Nemesis;0 - 2;2;1;4;10400;2;2;0;0;2;52500;129800;18:30;Group Stage;Group D;PH;;;
KWC26_GS_M04_G2;01/08/2026;Blue;Lose;Karlll;Jungler;Ukyo Tachibana;Lorion;Smite;BOOM Esports;Team Nemesis;0 - 2;3;2;6;15900;2;2;0;0;2;94600;108900;18:30;Group Stage;Group D;PH;;;
KWC26_GS_M04_G2;01/08/2026;Blue;Lose;Tatsurii;Midlane;Haya;Flowborn(JG);Flash;BOOM Esports;Team Nemesis;0 - 2;3;3;6;11400;2;2;0;0;2;107700;70700;18:30;Group Stage;Group D;PH;;;
KWC26_GS_M04_G2;01/08/2026;Blue;Lose;Daniii;Farmlane;Chicha;Agudo;Frenzy;BOOM Esports;Team Nemesis;0 - 2;3;3;2;13800;2;2;0;0;2;118400;79300;18:30;Group Stage;Group D;PH;;;
KWC26_GS_M04_G2;01/08/2026;Blue;Lose;Dr4w;Roamer;Lian Po;;Flash;BOOM Esports;Team Nemesis;0 - 2;0;3;9;8500;2;2;0;0;2;66000;158200;18:30;Group Stage;Group D;PH;;;
KWC26_GS_M04_G2;01/08/2026;Red;Win;Tufz;Clashlane;Charlotte;Ao Yin;Flash;Team Nemesis;BOOM Esports;2 - 0;4;4;4;12200;0;1;0;1;0;84200;70000;18:30;Group Stage;Group D;ID;;;
KWC26_GS_M04_G2;01/08/2026;Red;Win;TianX;Jungler;Luna;Pei;Smite;Team Nemesis;BOOM Esports;2 - 0;2;2;8;13700;0;1;0;1;0;119800;85000;18:30;Group Stage;Group D;ID;;;
KWC26_GS_M04_G2;01/08/2026;Red;Win;JerL;Midlane;Garuda;Florentino;Flash;Team Nemesis;BOOM Esports;2 - 0;2;1;8;11300;0;1;0;1;0;153000;31400;18:30;Group Stage;Group D;ID;;;
KWC26_GS_M04_G2;01/08/2026;Red;Win;CC;Farmlane;Devara;Jing;Frenzy;Team Nemesis;BOOM Esports;2 - 0;4;2;8;13700;0;1;0;1;0;146900;112000;18:30;Group Stage;Group D;ID;;;
KWC26_GS_M04_G2;01/08/2026;Red;Win;eL;Roamer;Zhang Fei;;Heal;Team Nemesis;BOOM Esports;2 - 0;0;2;10;8500;0;1;0;1;0;43100;140600;18:30;Group Stage;Group D;ID;;;
KWC26_GS_M05_G1;01/08/2026;Blue;Lose;Siang;Clashlane;Florentino;Guan Yu;Flash;Aurora Gaming;ROC Esports;0 - 1;0;0;6;11800;2;1;0;0;0;74400;81600;17:56;Group Stage;Group B;MY;;;
KWC26_GS_M05_G1;01/08/2026;Blue;Lose;YuLong;Jungler;Augran;Luna;Smite;Aurora Gaming;ROC Esports;0 - 1;2;3;3;10100;2;1;0;0;0;78300;167200;17:56;Group Stage;Group B;MY;;;
KWC26_GS_M05_G1;01/08/2026;Blue;Lose;ZhiHong;Midlane;Haya;Heino;Flash;Aurora Gaming;ROC Esports;0 - 1;1;4;4;10000;2;1;0;0;0;70900;82700;17:56;Group Stage;Group B;MY;;;
KWC26_GS_M05_G1;01/08/2026;Blue;Lose;JR;Farmlane;Agudo;Ukyo Tachibana;Frenzy;Aurora Gaming;ROC Esports;0 - 1;7;0;3;13600;2;1;0;0;0;122200;143700;17:56;Group Stage;Group B;MY;;;
KWC26_GS_M05_G1;01/08/2026;Blue;Lose;Saber;Roamer;Dyadia;;Flash;Aurora Gaming;ROC Esports;0 - 1;0;2;10;10000;2;1;0;0;0;44700;120500;17:56;Group Stage;Group B;MY;;;
KWC26_GS_M05_G1;01/08/2026;Red;Win;Xuan;Clashlane;Biron;Pei;Flash;ROC Esports;Aurora Gaming;1 - 0;0;2;6;9900;0;1;0;1;1;43800;107800;17:56;Group Stage;Group B;MY;;;
KWC26_GS_M05_G1;01/08/2026;Red;Win;KongLing;Jungler;Musashi;Lorion;Smite;ROC Esports;Aurora Gaming;1 - 0;2;4;6;11300;0;1;0;1;1;83200;89300;17:56;Group Stage;Group B;MY;;;
KWC26_GS_M05_G1;01/08/2026;Red;Win;Wendy;Midlane;Nuwa;Lapu lapu;Flash;ROC Esports;Aurora Gaming;1 - 0;2;2;4;10700;0;1;0;1;1;186000;27800;17:56;Group Stage;Group B;MY;;;
KWC26_GS_M05_G1;01/08/2026;Red;Win;Muci;Farmlane;Ao Yin;Lian Po;Flash;ROC Esports;Aurora Gaming;1 - 0;3;1;3;13200;0;1;0;1;1;184200;68300;17:56;Group Stage;Group B;MY;;;
KWC26_GS_M05_G1;01/08/2026;Red;Win;Weipit;Roamer;Zhang Fei;;Stun;ROC Esports;Aurora Gaming;1 - 0;2;1;7;9600;0;1;0;1;1;38800;97200;17:56;Group Stage;Group B;MY;;;
KWC26_GS_M05_G2;01/08/2026;Red;Win;Siang;Clashlane;Charlotte;Haya;Flash;Aurora Gaming;ROC Esports;1 - 1;2;1;4;9800;2;1;0;0;1;38900;34900;13:07;Group Stage;Group B;MY;;;
KWC26_GS_M05_G2;01/08/2026;Red;Win;YuLong;Jungler;Zilong;Guan Yu;Smite;Aurora Gaming;ROC Esports;1 - 1;5;0;5;11800;2;1;0;0;1;42600;50700;13:07;Group Stage;Group B;MY;;;
KWC26_GS_M05_G2;01/08/2026;Red;Win;ZhiHong;Midlane;Mai Shiranui;Ata;Flash;Aurora Gaming;ROC Esports;1 - 1;1;0;9;8800;2;1;0;0;1;41100;27200;13:07;Group Stage;Group B;MY;;;
KWC26_GS_M05_G2;01/08/2026;Red;Win;JR;Farmlane;Chicha;Bai Qi;Flash;Aurora Gaming;ROC Esports;1 - 1;3;0;4;10800;2;1;0;0;1;59800;30200;13:07;Group Stage;Group B;MY;;;
KWC26_GS_M05_G2;01/08/2026;Red;Win;Saber;Roamer;Lapu lapu;;Flash;Aurora Gaming;ROC Esports;1 - 1;0;2;10;6300;2;1;0;0;1;24600;61000;13:07;Group Stage;Group B;MY;;;
KWC26_GS_M05_G2;01/08/2026;Blue;Lose;Xuan;Clashlane;Dharma;Ao Yin;Flash;ROC Esports;Aurora Gaming;1 - 1;1;3;1;7000;0;0;0;1;0;23600;58200;13:07;Group Stage;Group B;MY;;;
KWC26_GS_M05_G2;01/08/2026;Blue;Lose;KongLing;Jungler;Pei;Annette;Smite;ROC Esports;Aurora Gaming;1 - 1;0;3;1;7600;0;0;0;1;0;21900;35700;13:07;Group Stage;Group B;MY;;;
KWC26_GS_M05_G2;01/08/2026;Blue;Lose;Wendy;Midlane;Lorion;Jing;Flash;ROC Esports;Aurora Gaming;1 - 1;0;2;1;6700;0;0;0;1;0;87800;27900;13:07;Group Stage;Group B;MY;;;
KWC26_GS_M05_G2;01/08/2026;Blue;Lose;Muci;Farmlane;Arli;Ukyo Tachibana;Frenzy;ROC Esports;Aurora Gaming;1 - 1;2;0;1;10100;0;0;0;1;0;49100;24500;13:07;Group Stage;Group B;MY;;;
KWC26_GS_M05_G2;01/08/2026;Blue;Lose;Weipit;Roamer;Dyadia;;Flash;ROC Esports;Aurora Gaming;1 - 1;0;3;3;6400;0;0;0;1;0;21400;60600;13:07;Group Stage;Group B;MY;;;
KWC26_GS_M05_G3;01/08/2026;Blue;Lose;Siang;Clashlane;Fatih;Guan Yu;Flash;Aurora Gaming;ROC Esports;1 - 2;3;3;3;11300;1;1;0;1;0;74700;83700;18:13;Group Stage;Group B;MY;;;
KWC26_GS_M05_G3;01/08/2026;Blue;Lose;YuLong;Jungler;Ukyo Tachibana;Luna;Smite;Aurora Gaming;ROC Esports;1 - 2;1;4;3;12900;1;1;0;1;0;61100;72700;18:13;Group Stage;Group B;MY;;;
KWC26_GS_M05_G3;01/08/2026;Blue;Lose;ZhiHong;Midlane;Lorion;Agudo;Flash;Aurora Gaming;ROC Esports;1 - 2;3;4;3;9500;1;1;0;1;0;83000;62400;18:13;Group Stage;Group B;MY;;;
KWC26_GS_M05_G3;01/08/2026;Blue;Lose;JR;Farmlane;Flowborn(FL);Jing;Flash;Aurora Gaming;ROC Esports;1 - 2;2;3;3;12600;1;1;0;1;0;111600;45500;18:13;Group Stage;Group B;MY;;;
KWC26_GS_M05_G3;01/08/2026;Blue;Lose;Saber;Roamer;Zhang Fei;;Heal;Aurora Gaming;ROC Esports;1 - 2;0;2;7;8300;1;1;0;1;0;32000;133400;18:13;Group Stage;Group B;MY;;;
KWC26_GS_M05_G3;01/08/2026;Red;Win;Xuan;Clashlane;Ata;Ao Yin;Flash;ROC Esports;Aurora Gaming;2 - 1;2;1;7;11500;1;1;0;0;2;59900;118100;18:13;Group Stage;Group B;MY;;;
KWC26_GS_M05_G3;01/08/2026;Red;Win;KongLing;Jungler;Nezha;Pei;Smite;ROC Esports;Aurora Gaming;2 - 1;2;2;12;12700;1;1;0;0;2;73000;55000;18:13;Group Stage;Group B;MY;;;
KWC26_GS_M05_G3;01/08/2026;Red;Win;Wendy;Midlane;Mai Shiranui;Dharma;Flash;ROC Esports;Aurora Gaming;2 - 1;3;3;4;11200;1;1;0;0;2;84400;57300;18:13;Group Stage;Group B;MY;;;
KWC26_GS_M05_G3;01/08/2026;Red;Win;Muci;Farmlane;Chano;Biron;Flash;ROC Esports;Aurora Gaming;2 - 1;7;1;7;14200;1;1;0;0;2;151400;52400;18:13;Group Stage;Group B;MY;;;
KWC26_GS_M05_G3;01/08/2026;Red;Win;Weipit;Roamer;Lapu lapu;;Flash;ROC Esports;Aurora Gaming;2 - 1;2;2;10;9600;1;1;0;0;2;29000;79500;18:13;Group Stage;Group B;MY;;;
KWC26_GS_M06_G1;01/08/2026;Red;Win;GuiYu;Clashlane;Devara;Haya;Frenzy;Geekay Esports;Team Nemesis;1 - 0;9;1;8;14000;2;1;0;1;2;135700;86800;15:43;Group Stage;Group D;MY;;;
KWC26_GS_M06_G1;01/08/2026;Red;Win;MusangKing;Jungler;Augran;Nuwa;Smite;Geekay Esports;Team Nemesis;1 - 0;5;1;10;13100;2;1;0;1;2;83400;108400;15:43;Group Stage;Group D;MY;;;
KWC26_GS_M06_G1;01/08/2026;Red;Win;Shisan;Midlane;Wang Zhaojun;Agudo;Flash;Geekay Esports;Team Nemesis;1 - 0;0;4;13;8100;2;1;0;1;2;53400;48600;15:43;Group Stage;Group D;MY;;;
KWC26_GS_M06_G1;01/08/2026;Red;Win;Jem;Farmlane;Chano;Luna;Flash;Geekay Esports;Team Nemesis;1 - 0;3;2;9;12600;2;1;0;1;2;83900;32000;15:43;Group Stage;Group D;MY;;;
KWC26_GS_M06_G1;01/08/2026;Red;Win;Zhe;Roamer;Liang;;Flash;Geekay Esports;Team Nemesis;1 - 0;3;3;12;8400;2;1;0;1;2;28400;32200;15:43;Group Stage;Group D;MY;;;
KWC26_GS_M06_G1;01/08/2026;Blue;Lose;Tufz;Clashlane;Biron;Pei;Flash;Team Nemesis;Geekay Esports;0 - 1;2;6;2;8600;0;0;0;0;0;30800;65200;15:43;Group Stage;Group D;ID;;;
KWC26_GS_M06_G1;01/08/2026;Blue;Lose;TianX;Jungler;Zilong;Guan Yu;Smite;Team Nemesis;Geekay Esports;0 - 1;2;6;5;9800;0;0;0;0;0;43100;88200;15:43;Group Stage;Group D;ID;;;
KWC26_GS_M06_G1;01/08/2026;Blue;Lose;JerL;Midlane;Lorion;Charlotte;Flash;Team Nemesis;Geekay Esports;0 - 1;3;3;5;8800;0;0;0;0;0;91800;41200;15:43;Group Stage;Group D;ID;;;
KWC26_GS_M06_G1;01/08/2026;Blue;Lose;CC;Farmlane;Ao Yin;Consort Yu;Flash;Team Nemesis;Geekay Esports;0 - 1;4;1;5;11800;0;0;0;0;0;118800;70100;15:43;Group Stage;Group D;ID;;;
KWC26_GS_M06_G1;01/08/2026;Blue;Lose;eL;Roamer;Zhang Fei;;Heal;Team Nemesis;Geekay Esports;0 - 1;0;4;9;7600;0;0;0;0;0;23500;120200;15:43;Group Stage;Group D;ID;;;
KWC26_GS_M06_G2;01/08/2026;Red;Win;GuiYu;Clashlane;Umbrosa;Haya;Flash;Geekay Esports;Team Nemesis;2 - 0;6;5;13;20400;1;2;1;0;0;270100;268000;28:35;Group Stage;Group D;MY;;;
KWC26_GS_M06_G2;01/08/2026;Red;Win;MusangKing;Jungler;Agudo;Luna;Smite;Geekay Esports;Team Nemesis;2 - 0;7;3;13;18900;1;2;1;0;0;221100;232200;28:35;Group Stage;Group D;MY;;;
KWC26_GS_M06_G2;01/08/2026;Red;Win;Shisan;Midlane;Heino;Jing;Intimidate;Geekay Esports;Team Nemesis;2 - 0;5;5;13;18800;1;2;1;0;0;348000;203300;28:35;Group Stage;Group D;MY;;;
KWC26_GS_M06_G2;01/08/2026;Red;Win;Jem;Farmlane;Chicha;Arli;Frenzy;Geekay Esports;Team Nemesis;2 - 0;13;6;14;22000;1;2;1;0;0;288700;191200;28:35;Group Stage;Group D;MY;;;
KWC26_GS_M06_G2;01/08/2026;Red;Win;Zhe;Roamer;Annette;;Flash;Geekay Esports;Team Nemesis;2 - 0;0;2;28;15200;1;2;1;0;0;112500;160000;28:35;Group Stage;Group D;MY;;;
KWC26_GS_M06_G2;01/08/2026;Blue;Lose;Tufz;Clashlane;Biron;Ao Yin;Flash;Team Nemesis;Geekay Esports;0 - 2;3;5;11;14500;1;1;0;0;2;148100;362800;28:35;Group Stage;Group D;ID;;;
KWC26_GS_M06_G2;01/08/2026;Blue;Lose;TianX;Jungler;Lam;Pei;Smite;Team Nemesis;Geekay Esports;0 - 2;11;6;6;22500;1;1;0;0;2;213700;164600;28:35;Group Stage;Group D;ID;;;
KWC26_GS_M06_G2;01/08/2026;Blue;Lose;JerL;Midlane;Mai Shiranui;Yu Huan;Flash;Team Nemesis;Geekay Esports;0 - 2;1;5;8;16500;1;1;0;0;2;189400;145800;28:35;Group Stage;Group D;ID;;;
KWC26_GS_M06_G2;01/08/2026;Blue;Lose;CC;Farmlane;Devara;Lorion;Frenzy;Team Nemesis;Geekay Esports;0 - 2;6;8;8;20700;1;1;0;0;2;317400;269400;28:35;Group Stage;Group D;ID;;;
KWC26_GS_M06_G2;01/08/2026;Blue;Lose;eL;Roamer;Lapu lapu;;Flash;Team Nemesis;Geekay Esports;0 - 2;0;7;13;12300;1;1;0;0;2;65900;250800;28:35;Group Stage;Group D;ID;;;
KWC26_GS_M07_G1;02/08/2026;Red;Win;silence;Clashlane;Devara;Arli;Frenzy;Kuaishou Gaming;Revenant XSpark;1 - 0;4;0;4;8100;2;0;0;0;0;28900;18600;09:41;Group Stage;Group C;CN;;;
KWC26_GS_M07_G1;02/08/2026;Red;Win;JuHao;Jungler;Ying;Flowborn(FL);Smite;Kuaishou Gaming;Revenant XSpark;1 - 0;3;0;6;9100;2;0;0;0;0;28100;13600;09:41;Group Stage;Group C;CN;;;
KWC26_GS_M07_G1;02/08/2026;Red;Win;LiuLang;Midlane;Haya;Lorion;Flash;Kuaishou Gaming;Revenant XSpark;1 - 0;5;0;7;7600;2;0;0;0;0;43800;12800;09:41;Group Stage;Group C;CN;;;
KWC26_GS_M07_G1;02/08/2026;Red;Win;Yu;Farmlane;Ao Yin;Nuwa;Flash;Kuaishou Gaming;Revenant XSpark;1 - 0;2;0;3;7400;2;0;0;0;0;24400;19200;09:41;Group Stage;Group C;CN;;;
KWC26_GS_M07_G1;02/08/2026;Red;Win;LFF;Roamer;Zhang Fei;;Heal;Kuaishou Gaming;Revenant XSpark;1 - 0;0;0;9;4800;2;0;0;0;0;9000;24100;09:41;Group Stage;Group C;CN;;;
KWC26_GS_M07_G1;02/08/2026;Blue;Lose;Deadshot;Clashlane;Florentino;Mai Shiranui;Flash;Revenant XSpark;Kuaishou Gaming;0 - 1;0;3;0;5000;0;0;0;0;0;16900;28700;09:41;Group Stage;Group C;IND;;;
KWC26_GS_M07_G1;02/08/2026;Blue;Lose;JingTian;Jungler;Jing;Pei;Smite;Revenant XSpark;Kuaishou Gaming;0 - 1;0;4;0;6300;0;0;0;0;0;14100;29100;09:41;Group Stage;Group C;IND;;;
KWC26_GS_M07_G1;02/08/2026;Blue;Lose;Candie;Midlane;Garuda;Guan Yu;Flash;Revenant XSpark;Kuaishou Gaming;0 - 1;0;2;0;4700;0;0;0;0;0;19100;13600;09:41;Group Stage;Group C;IND;;;
KWC26_GS_M07_G1;02/08/2026;Blue;Lose;Senpai;Farmlane;Chano;Biron;Flash;Revenant XSpark;Kuaishou Gaming;0 - 1;0;2;0;5200;0;0;0;0;0;26900;23100;09:41;Group Stage;Group C;IND;;;
KWC26_GS_M07_G1;02/08/2026;Blue;Lose;Crowly;Roamer;Lapu lapu;;Flash;Revenant XSpark;Kuaishou Gaming;0 - 1;0;3;0;3600;0;0;0;0;0;11300;39800;09:41;Group Stage;Group C;IND;;;
KWC26_GS_M07_G2;02/08/2026;Red;Win;silence;Clashlane;Fatih;Chicha;Flash;Kuaishou Gaming;Revenant XSpark;2 - 0;3;0;5;5600;1;0;0;0;0;18800;6600;06:49;Group Stage;Group C;CN;;;
KWC26_GS_M07_G2;02/08/2026;Red;Win;JuHao;Jungler;Agudo;Guan Yu;Smite;Kuaishou Gaming;Revenant XSpark;2 - 0;4;0;4;5700;1;0;0;0;0;29400;24200;06:49;Group Stage;Group C;CN;;;
KWC26_GS_M07_G2;02/08/2026;Red;Win;LiuLang;Midlane;Lorion;Zhang Fei;Flash;Kuaishou Gaming;Revenant XSpark;2 - 0;3;0;6;4900;1;0;0;0;0;39400;5000;06:49;Group Stage;Group C;CN;;;
KWC26_GS_M07_G2;02/08/2026;Red;Win;Yu;Farmlane;Chano;Liang;Flash;Kuaishou Gaming;Revenant XSpark;2 - 0;1;0;4;5100;1;0;0;0;0;21200;3500;06:49;Group Stage;Group C;CN;;;
KWC26_GS_M07_G2;02/08/2026;Red;Win;LFF;Roamer;Lapu lapu;;Flash;Kuaishou Gaming;Revenant XSpark;2 - 0;0;0;9;3500;1;0;0;0;0;18800;11400;06:49;Group Stage;Group C;CN;;;
KWC26_GS_M07_G2;02/08/2026;Blue;Lose;Deadshot;Clashlane;Dharma;Mai Shiranui;Flash;Revenant XSpark;Kuaishou Gaming;0 - 2;0;2;0;3600;0;0;0;0;0;8900;22700;06:49;Group Stage;Group C;IND;;;
KWC26_GS_M07_G2;02/08/2026;Blue;Lose;JingTian;Jungler;Augran;Pei;Smite;Revenant XSpark;Kuaishou Gaming;0 - 2;0;4;0;3700;0;0;0;0;0;15500;43900;06:49;Group Stage;Group C;IND;;;
KWC26_GS_M07_G2;02/08/2026;Blue;Lose;Candie;Midlane;Wang Zhaojun;Mozi;Flash;Revenant XSpark;Kuaishou Gaming;0 - 2;0;2;0;3400;0;0;0;0;0;4900;20000;06:49;Group Stage;Group C;IND;;;
KWC26_GS_M07_G2;02/08/2026;Blue;Lose;Senpai;Farmlane;Arli;Ukyo Tachibana;Frenzy;Revenant XSpark;Kuaishou Gaming;0 - 2;0;1;0;4000;0;0;0;0;0;7700;17100;06:49;Group Stage;Group C;IND;;;
KWC26_GS_M07_G2;02/08/2026;Blue;Lose;Crowly;Roamer;Dyadia;;Flash;Revenant XSpark;Kuaishou Gaming;0 - 2;0;2;0;2600;0;0;0;0;0;5400;24000;06:49;Group Stage;Group C;IND;;;
KWC26_GS_M08_G1;02/08/2026;Red;Win;Nighty;Clashlane;Biron;Dyadia;Flash;Virtus.pro;Buriram United;1 - 0;1;2;10;10500;1;2;0;0;1;61400;152200;15:51;Group Stage;Group C;RU;;;
KWC26_GS_M08_G1;02/08/2026;Red;Win;JiaBao;Jungler;Nezha;Dolia;Smite;Virtus.pro;Buriram United;1 - 0;7;2;7;14600;1;2;0;0;1;89800;74400;15:51;Group Stage;Group C;RU;;;
KWC26_GS_M08_G1;02/08/2026;Red;Win;hai1ang;Midlane;Xiao Qiao;Lapu lapu;Flash;Virtus.pro;Buriram United;1 - 0;3;3;4;8800;1;2;0;0;1;66900;49600;15:51;Group Stage;Group C;RU;;;
KWC26_GS_M08_G1;02/08/2026;Red;Win;Tgold;Farmlane;Ao Yin;Lian Po;Flash;Virtus.pro;Buriram United;1 - 0;2;2;4;11700;1;2;0;0;1;61100;43300;15:51;Group Stage;Group C;RU;;;
KWC26_GS_M08_G1;02/08/2026;Red;Win;Clue;Roamer;Zhang Fei;;Stun;Virtus.pro;Buriram United;1 - 0;2;2;7;7800;1;2;0;0;1;29700;81500;15:51;Group Stage;Group C;RU;;;
KWC26_GS_M08_G1;02/08/2026;Blue;Lose;Yuseong;Clashlane;Florentino;Haya;Flash;Buriram United;Virtus.pro;0 - 1;6;2;4;11300;0;0;0;0;0;65400;64100;15:51;Group Stage;Group C;TH;;;
KWC26_GS_M08_G1;02/08/2026;Blue;Lose;Valdus;Jungler;Pei;Mai Shiranui;Smite;Buriram United;Virtus.pro;0 - 1;2;1;2;10700;0;0;0;0;0;69600;69100;15:51;Group Stage;Group C;TH;;;
KWC26_GS_M08_G1;02/08/2026;Blue;Lose;NuNu;Midlane;Lorion;Jing;Flash;Buriram United;Virtus.pro;0 - 1;1;4;9;9700;0;0;0;0;0;145600;45400;15:51;Group Stage;Group C;TH;;;
KWC26_GS_M08_G1;02/08/2026;Blue;Lose;Ligky;Farmlane;Chano;Ukyo Tachibana;Flash;Buriram United;Virtus.pro;0 - 1;0;5;3;9300;0;0;0;0;0;72300;51200;15:51;Group Stage;Group C;TH;;;
KWC26_GS_M08_G1;02/08/2026;Blue;Lose;Taoz;Roamer;Yu Huan;;Flash;Buriram United;Virtus.pro;0 - 1;2;3;7;8300;0;0;0;0;0;48100;79100;15:51;Group Stage;Group C;TH;;;
KWC26_GS_M08_G2;02/08/2026;Blue;Win;Nighty;Clashlane;Dharma;Liang;Flash;Virtus.pro;Buriram United;2 - 0;0;1;7;9000;2;1;0;0;1;27100;47600;13:40;Group Stage;Group C;RU;;;
KWC26_GS_M08_G2;02/08/2026;Blue;Win;JiaBao;Jungler;Jing;Haya;Smite;Virtus.pro;Buriram United;2 - 0;7;2;3;13900;2;1;0;0;1;69100;43800;13:40;Group Stage;Group C;RU;;;
KWC26_GS_M08_G2;02/08/2026;Blue;Win;hai1ang;Midlane;Angela;Nezha;Flash;Virtus.pro;Buriram United;2 - 0;3;0;6;8200;2;1;0;0;1;83400;31400;13:40;Group Stage;Group C;RU;;;
KWC26_GS_M08_G2;02/08/2026;Blue;Win;Tgold;Farmlane;Chano;Xiao Qiao;Flash;Virtus.pro;Buriram United;2 - 0;1;2;5;9600;2;1;0;0;1;68800;46300;13:40;Group Stage;Group C;RU;;;
KWC26_GS_M08_G2;02/08/2026;Blue;Win;Clue;Roamer;Dyadia;;Flash;Virtus.pro;Buriram United;2 - 0;1;2;9;7400;2;1;0;0;1;22400;48900;13:40;Group Stage;Group C;RU;;;
KWC26_GS_M08_G2;02/08/2026;Red;Lose;Yuseong;Clashlane;Guan Yu;Lorion;Sprint;Buriram United;Virtus.pro;0 - 2;1;3;5;7700;0;0;0;0;0;37500;58800;13:40;Group Stage;Group C;TH;;;
KWC26_GS_M08_G2;02/08/2026;Red;Lose;Valdus;Jungler;Ying;Pei;Smite;Buriram United;Virtus.pro;0 - 2;1;2;4;10000;0;0;0;0;0;42800;47400;13:40;Group Stage;Group C;TH;;;
KWC26_GS_M08_G2;02/08/2026;Red;Lose;NuNu;Midlane;Nuwa;Charlotte;Flash;Buriram United;Virtus.pro;0 - 2;3;2;2;7300;0;0;0;0;0;59400;27300;13:40;Group Stage;Group C;TH;;;
KWC26_GS_M08_G2;02/08/2026;Red;Lose;Ligky;Farmlane;Flowborn(FL);Florentino;Flash;Buriram United;Virtus.pro;0 - 2;0;2;2;9000;0;0;0;0;0;53200;34000;13:40;Group Stage;Group C;TH;;;
KWC26_GS_M08_G2;02/08/2026;Red;Lose;Taoz;Roamer;Zhang Fei;;Heal;Buriram United;Virtus.pro;0 - 2;2;3;4;6700;0;0;0;0;0;25000;103400;13:40;Group Stage;Group C;TH;;;
KWC26_GS_M09_G1;02/08/2026;Red;Win;Ran;Clashlane;Fatih;Pei;Flash;AG.AL;Team Vitality;1 - 0;3;1;1;11400;1;1;0;0;0;45400;32700;14:27;Group Stage;Group A;CN;;;
KWC26_GS_M09_G1;02/08/2026;Red;Win;Zoe;Jungler;Flowborn(JG);Florentino;Smite;AG.AL;Team Vitality;1 - 0;2;0;4;10500;1;1;0;0;0;65800;122400;14:27;Group Stage;Group A;CN;;;
KWC26_GS_M09_G1;02/08/2026;Red;Win;Sheng;Midlane;Nuwa;Augran;Flash;AG.AL;Team Vitality;1 - 0;0;0;7;9100;1;1;0;0;0;110700;14100;14:27;Group Stage;Group A;CN;;;
KWC26_GS_M09_G1;02/08/2026;Red;Win;Yinuo;Farmlane;Arli;Agudo;Frenzy;AG.AL;Team Vitality;1 - 0;2;0;4;11300;1;1;0;0;0;68400;25200;14:27;Group Stage;Group A;CN;;;
KWC26_GS_M09_G1;02/08/2026;Red;Win;Shuai;Roamer;Dyadia;;Flash;AG.AL;Team Vitality;1 - 0;0;0;7;8200;1;1;0;0;0;33100;44000;14:27;Group Stage;Group A;CN;;;
KWC26_GS_M09_G1;02/08/2026;Blue;Lose;Bal;Clashlane;Dharma;Ao Yin;Flash;Team Vitality;AG.AL;0 - 1;0;2;1;8400;1;0;0;0;1;26100;79400;14:27;Group Stage;Group A;ID;;;
KWC26_GS_M09_G1;02/08/2026;Blue;Lose;ZhanQ;Jungler;Jing;Zhang Fei;Smite;Team Vitality;AG.AL;0 - 1;1;1;0;11900;1;0;0;0;1;38000;45900;14:27;Group Stage;Group A;ID;;;
KWC26_GS_M09_G1;02/08/2026;Blue;Lose;JenMyth;Midlane;Xiao Qiao;Angela;Flash;Team Vitality;AG.AL;0 - 1;0;1;1;6800;1;0;0;0;1;83800;43500;14:27;Group Stage;Group A;ID;;;
KWC26_GS_M09_G1;02/08/2026;Blue;Lose;LanFeng;Farmlane;Chicha;Guan Yu;Flash;Team Vitality;AG.AL;0 - 1;0;2;0;9400;1;0;0;0;1;67700;60700;14:27;Group Stage;Group A;ID;;;
KWC26_GS_M09_G1;02/08/2026;Blue;Lose;F1;Roamer;Lapu lapu;;Flash;Team Vitality;AG.AL;0 - 1;0;1;1;6300;1;0;0;0;1;22800;93900;14:27;Group Stage;Group A;ID;;;
KWC26_GS_M09_G2;02/08/2026;Blue;Win;Ran;Clashlane;Devara;Arli;Frenzy;AG.AL;Team Vitality;2 - 0;4;0;7;9400;1;1;0;1;0;95900;70000;11:32;Group Stage;Group A;CN;;;
KWC26_GS_M09_G2;02/08/2026;Blue;Win;Zoe;Jungler;Pei;Florentino;Smite;AG.AL;Team Vitality;2 - 0;4;2;6;10800;1;1;0;1;0;61000;36400;11:32;Group Stage;Group A;CN;;;
KWC26_GS_M09_G2;02/08/2026;Blue;Win;Sheng;Midlane;Garuda;Fuzi;Flash;AG.AL;Team Vitality;2 - 0;5;1;4;9000;1;1;0;1;0;90600;34300;11:32;Group Stage;Group A;CN;;;
KWC26_GS_M09_G2;02/08/2026;Blue;Win;Yinuo;Farmlane;Bai Qi;Fatih;Flash;AG.AL;Team Vitality;2 - 0;1;0;7;8400;1;1;0;1;0;27800;49500;11:32;Group Stage;Group A;CN;;;
KWC26_GS_M09_G2;02/08/2026;Blue;Win;Shuai;Roamer;Mozi;;Flash;AG.AL;Team Vitality;2 - 0;0;0;13;6200;1;1;0;1;0;41200;34000;11:32;Group Stage;Group A;CN;;;
KWC26_GS_M09_G2;02/08/2026;Red;Lose;Bal;Clashlane;Umbrosa;Ao Yin;Flash;Team Vitality;AG.AL;0 - 2;0;3;2;7100;1;0;0;0;0;52200;70600;11:32;Group Stage;Group A;ID;;;
KWC26_GS_M09_G2;02/08/2026;Red;Lose;ZhanQ;Jungler;Ukyo Tachibana;Guan Yu;Smite;Team Vitality;AG.AL;0 - 2;1;3;2;8000;1;0;0;0;0;28800;40800;11:32;Group Stage;Group A;ID;;;
KWC26_GS_M09_G2;02/08/2026;Red;Lose;JenMyth;Midlane;Lorion;Shouyue;Flash;Team Vitality;AG.AL;0 - 2;0;2;2;5700;1;0;0;0;0;61900;36100;11:32;Group Stage;Group A;ID;;;
KWC26_GS_M09_G2;02/08/2026;Red;Lose;LanFeng;Farmlane;Charlotte;Biron;Flash;Team Vitality;AG.AL;0 - 2;1;3;0;6800;1;0;0;0;0;57800;73200;11:32;Group Stage;Group A;ID;;;
KWC26_GS_M09_G2;02/08/2026;Red;Lose;F1;Roamer;Zhang Fei;;Stun;Team Vitality;AG.AL;0 - 2;1;3;2;5200;1;0;0;0;0;26100;98300;11:32;Group Stage;Group A;ID;;;
KWC26_GS_M10_G1;02/08/2026;Red;Lose;Freaks;Clashlane;Charlotte;Pei;Flash;MIBR.LOS;Blacklist Intl.;0 - 1;3;3;3;9200;2;0;0;0;0;60500;68400;12:59;Group Stage;Group A;BR;;;
KWC26_GS_M10_G1;02/08/2026;Red;Lose;Abh;Jungler;Augran;Lorion;Smite;MIBR.LOS;Blacklist Intl.;0 - 1;4;2;4;8100;2;0;0;0;0;65500;105500;12:59;Group Stage;Group A;BR;;;
KWC26_GS_M10_G1;02/08/2026;Red;Lose;0Ne;Midlane;Angela;Agudo;Flash;MIBR.LOS;Blacklist Intl.;0 - 1;0;1;4;6700;2;0;0;0;0;61300;36200;12:59;Group Stage;Group A;BR;;;
KWC26_GS_M10_G1;02/08/2026;Red;Lose;Vento;Farmlane;Arli;Ukyo Tachibana;Frenzy;MIBR.LOS;Blacklist Intl.;0 - 1;1;3;2;8600;2;0;0;0;0;45600;33500;12:59;Group Stage;Group A;BR;;;
KWC26_GS_M10_G1;02/08/2026;Red;Lose;ManoFrizer;Roamer;Dyadia;;Flash;MIBR.LOS;Blacklist Intl.;0 - 1;0;2;8;6400;2;0;0;0;0;24800;61500;12:59;Group Stage;Group A;BR;;;
KWC26_GS_M10_G1;02/08/2026;Blue;Win;Chammy1;Clashlane;Fatih;Haya;Flash;Blacklist Intl.;MIBR.LOS;1 - 0;4;0;6;11200;0;1;0;0;0;78100;47500;12:59;Group Stage;Group A;PH;;;
KWC26_GS_M10_G1;02/08/2026;Blue;Win;Juschie;Jungler;Menki;Dharma;Smite;Blacklist Intl.;MIBR.LOS;1 - 0;2;2;7;9300;0;1;0;0;0;68500;81600;12:59;Group Stage;Group A;PH;;;
KWC26_GS_M10_G1;02/08/2026;Blue;Win;Dragon;Midlane;Xiao Qiao;Nuwa;Flash;Blacklist Intl.;MIBR.LOS;1 - 0;3;3;3;7200;0;1;0;0;0;54700;29800;12:59;Group Stage;Group A;PH;;;
KWC26_GS_M10_G1;02/08/2026;Blue;Win;Goldenk1te;Farmlane;Ao Yin;Biron;Flash;Blacklist Intl.;MIBR.LOS;1 - 0;2;1;4;10100;0;1;0;0;0;63700;35400;12:59;Group Stage;Group A;PH;;;
KWC26_GS_M10_G1;02/08/2026;Blue;Win;Chazz;Roamer;Mozi;;Flash;Blacklist Intl.;MIBR.LOS;1 - 0;0;2;10;6100;0;1;0;0;0;39900;63400;12:59;Group Stage;Group A;PH;;;
KWC26_GS_M10_G2;02/08/2026;Red;Lose;Freaks;Clashlane;Florentino;Pei;Flash;MIBR.LOS;Blacklist Intl.;0 - 2;1;2;1;9000;1;0;0;0;0;29400;50900;13:46;Group Stage;Group A;BR;;;
KWC26_GS_M10_G2;02/08/2026;Red;Lose;Abh;Jungler;Agudo;Lorion;Smite;MIBR.LOS;Blacklist Intl.;0 - 2;0;1;1;8800;1;0;0;0;0;39600;66800;13:46;Group Stage;Group A;BR;;;
KWC26_GS_M10_G2;02/08/2026;Red;Lose;0Ne;Midlane;Ganmo;Guan Yu;Flash;MIBR.LOS;Blacklist Intl.;0 - 2;1;1;1;8600;1;0;0;0;0;65700;16000;13:46;Group Stage;Group A;BR;;;
KWC26_GS_M10_G2;02/08/2026;Red;Lose;Vento;Farmlane;Chicha;Charlotte;Flash;MIBR.LOS;Blacklist Intl.;0 - 2;0;2;0;9300;1;0;0;0;0;37100;47200;13:46;Group Stage;Group A;BR;;;
KWC26_GS_M10_G2;02/08/2026;Red;Lose;ManoFrizer;Roamer;Lapu lapu;;Flash;MIBR.LOS;Blacklist Intl.;0 - 2;1;3;2;5900;1;0;0;0;0;23700;59200;13:46;Group Stage;Group A;BR;;;
KWC26_GS_M10_G2;02/08/2026;Blue;Win;Chammy1;Clashlane;Devara;Ao Yin;Frenzy;Blacklist Intl.;MIBR.LOS;2 - 0;2;1;3;11100;1;1;0;1;1;56700;38300;13:46;Group Stage;Group A;PH;;;
KWC26_GS_M10_G2;02/08/2026;Blue;Win;Juschie;Jungler;Ukyo Tachibana;Dharma;Smite;Blacklist Intl.;MIBR.LOS;2 - 0;3;1;3;12800;1;1;0;1;1;53600;33500;13:46;Group Stage;Group A;PH;;;
KWC26_GS_M10_G2;02/08/2026;Blue;Win;Dragon;Midlane;Haya;Garuda;Flash;Blacklist Intl.;MIBR.LOS;2 - 0;1;0;4;8300;1;1;0;1;1;46400;31300;13:46;Group Stage;Group A;PH;;;
KWC26_GS_M10_G2;02/08/2026;Blue;Win;Goldenk1te;Farmlane;Erin;Nuwa;Flash;Blacklist Intl.;MIBR.LOS;2 - 0;1;1;0;10800;1;1;0;1;1;49800;26300;13:46;Group Stage;Group A;PH;;;
KWC26_GS_M10_G2;02/08/2026;Blue;Win;Chazz;Roamer;Zhang Fei;;Heal;Blacklist Intl.;MIBR.LOS;2 - 0;2;0;7;7200;1;1;0;1;1;21800;66100;13:46;Group Stage;Group A;PH;;;
KWC26_GS_M11_G1;02/08/2026;Red;Win;silence;Clashlane;Charlotte;Florentino;Flash;Kuaishou Gaming;Virtus.pro;1 - 0;1;1;4;7700;2;1;0;0;0;39400;29800;12:08;Group Stage;Group C;CN;;;
KWC26_GS_M11_G1;02/08/2026;Red;Win;JuHao;Jungler;Ying;Dyadia;Smite;Kuaishou Gaming;Virtus.pro;1 - 0;4;0;4;10400;2;1;0;0;0;69100;34500;12:08;Group Stage;Group C;CN;;;
KWC26_GS_M11_G1;02/08/2026;Red;Win;LiuLang;Midlane;Lorion;Flowborn(JG);Flash;Kuaishou Gaming;Virtus.pro;1 - 0;0;0;6;6900;2;1;0;0;0;90200;11400;12:08;Group Stage;Group C;CN;;;
KWC26_GS_M11_G1;02/08/2026;Red;Win;Yu;Farmlane;Ao Yin;Jing;Flash;Kuaishou Gaming;Virtus.pro;1 - 0;3;0;1;9000;2;1;0;0;0;42000;22700;12:08;Group Stage;Group C;CN;;;
KWC26_GS_M11_G1;02/08/2026;Red;Win;LFF;Roamer;Lapu lapu;;Flash;Kuaishou Gaming;Virtus.pro;1 - 0;0;0;7;5300;2;1;0;0;0;35100;42100;12:08;Group Stage;Group C;CN;;;
KWC26_GS_M11_G1;02/08/2026;Blue;Lose;Nighty;Clashlane;Guan Yu;Liang;Sprint;Virtus.pro;Kuaishou Gaming;0 - 1;0;1;0;7900;0;0;0;0;0;28100;54200;12:08;Group Stage;Group C;RU;;;
KWC26_GS_M11_G1;02/08/2026;Blue;Lose;JiaBao;Jungler;Ukyo Tachibana;Haya;Smite;Virtus.pro;Kuaishou Gaming;0 - 1;0;2;1;9700;0;0;0;0;0;34900;54800;12:08;Group Stage;Group C;RU;;;
KWC26_GS_M11_G1;02/08/2026;Blue;Lose;hai1ang;Midlane;Xiao Qiao;Heino;Flash;Virtus.pro;Kuaishou Gaming;0 - 1;0;3;1;5100;0;0;0;0;0;17800;31200;12:08;Group Stage;Group C;RU;;;
KWC26_GS_M11_G1;02/08/2026;Blue;Lose;Tgold;Farmlane;Chano;Nezha;Flash;Virtus.pro;Kuaishou Gaming;0 - 1;1;2;0;7100;0;0;0;0;0;44100;38000;12:08;Group Stage;Group C;RU;;;
KWC26_GS_M11_G1;02/08/2026;Blue;Lose;Clue;Roamer;Zhang Fei;;Heal;Virtus.pro;Kuaishou Gaming;0 - 1;0;0;1;5200;0;0;0;0;0;15700;97600;12:08;Group Stage;Group C;RU;;;
KWC26_GS_M11_G2;02/08/2026;Blue;Win;silence;Clashlane;Biron;Lorion;Flash;Kuaishou Gaming;Virtus.pro;2 - 0;5;2;9;11000;2;1;0;1;1;67600;75100;13:30;Group Stage;Group C;CN;;;
KWC26_GS_M11_G2;02/08/2026;Blue;Win;JuHao;Jungler;Pei;Augran;Smite;Kuaishou Gaming;Virtus.pro;2 - 0;6;1;10;11900;2;1;0;1;1;64000;44900;13:30;Group Stage;Group C;CN;;;
KWC26_GS_M11_G2;02/08/2026;Blue;Win;LiuLang;Midlane;Xiao Qiao;Dharma;Flash;Kuaishou Gaming;Virtus.pro;2 - 0;2;2;10;8200;2;1;0;1;1;45700;35600;13:30;Group Stage;Group C;CN;;;
KWC26_GS_M11_G2;02/08/2026;Blue;Win;Yu;Farmlane;Consort Yu;Fatih;Flash;Kuaishou Gaming;Virtus.pro;2 - 0;6;1;8;11300;2;1;0;1;1;82000;32000;13:30;Group Stage;Group C;CN;;;
KWC26_GS_M11_G2;02/08/2026;Blue;Win;LFF;Roamer;Zhang Fei;;Heal;Kuaishou Gaming;Virtus.pro;2 - 0;1;1;13;7400;2;1;0;1;1;21000;72400;13:30;Group Stage;Group C;CN;;;
KWC26_GS_M11_G2;02/08/2026;Red;Lose;Nighty;Clashlane;Florentino;Dyadia;Flash;Virtus.pro;Kuaishou Gaming;0 - 2;0;6;2;7500;0;0;0;0;0;31100;54800;13:30;Group Stage;Group C;RU;;;
KWC26_GS_M11_G2;02/08/2026;Red;Lose;JiaBao;Jungler;Jing;Haya;Smite;Virtus.pro;Kuaishou Gaming;0 - 2;4;3;3;12600;0;0;0;0;0;75200;49600;13:30;Group Stage;Group C;RU;;;
KWC26_GS_M11_G2;02/08/2026;Red;Lose;hai1ang;Midlane;Mai Shiranui;Chicha;Flash;Virtus.pro;Kuaishou Gaming;0 - 2;2;5;5;7700;0;0;0;0;0;66700;59200;13:30;Group Stage;Group C;RU;;;
KWC26_GS_M11_G2;02/08/2026;Red;Lose;Tgold;Farmlane;Arli;Guan Yu;Frenzy;Virtus.pro;Kuaishou Gaming;0 - 2;0;4;1;7500;0;0;0;0;0;52900;47900;13:30;Group Stage;Group C;RU;;;
KWC26_GS_M11_G2;02/08/2026;Red;Lose;Clue;Roamer;Lapu lapu;;Flash;Virtus.pro;Kuaishou Gaming;0 - 2;1;2;4;6600;0;0;0;0;0;34000;68900;13:30;Group Stage;Group C;RU;;;
KWC26_GS_M12_G1;02/08/2026;Blue;Win;Ran;Clashlane;Charlotte;Florentino;Flash;AG.AL;Blacklist Intl.;1 - 0;5;1;2;9800;1;1;0;0;0;55900;37000;12:33;Group Stage;Group A;CN;;;
KWC26_GS_M12_G1;02/08/2026;Blue;Win;Zoe;Jungler;Pei;Liang;Smite;AG.AL;Blacklist Intl.;1 - 0;2;1;5;11000;1;1;0;0;0;65600;25100;12:33;Group Stage;Group A;CN;;;
KWC26_GS_M12_G1;02/08/2026;Blue;Win;Sheng;Midlane;Lorion;Guan Yu;Flash;AG.AL;Blacklist Intl.;1 - 0;1;0;7;8600;1;1;0;0;0;139400;15000;12:33;Group Stage;Group A;CN;;;
KWC26_GS_M12_G1;02/08/2026;Blue;Win;Yinuo;Farmlane;Shouyue;Dharma;Flash;AG.AL;Blacklist Intl.;1 - 0;2;1;6;9400;1;1;0;0;0;61200;25000;12:33;Group Stage;Group A;CN;;;
KWC26_GS_M12_G1;02/08/2026;Blue;Win;Shuai;Roamer;Lapu lapu;;Flash;AG.AL;Blacklist Intl.;1 - 0;0;1;7;5800;1;1;0;0;0;21900;43100;12:33;Group Stage;Group A;CN;;;
KWC26_GS_M12_G1;02/08/2026;Red;Lose;Chammy1;Clashlane;Fatih;Ao Yin;Flash;Blacklist Intl.;AG.AL;0 - 1;0;2;0;7600;1;0;0;0;0;25400;83900;12:33;Group Stage;Group A;PH;;;
KWC26_GS_M12_G1;02/08/2026;Red;Lose;Juschie;Jungler;Ukyo Tachibana;Chicha;Smite;Blacklist Intl.;AG.AL;0 - 1;3;1;0;9800;1;0;0;0;0;35300;62300;12:33;Group Stage;Group A;PH;;;
KWC26_GS_M12_G1;02/08/2026;Red;Lose;Dragon;Midlane;Haya;Biron;Flash;Blacklist Intl.;AG.AL;0 - 1;1;2;1;6300;1;0;0;0;0;24600;50300;12:33;Group Stage;Group A;PH;;;
KWC26_GS_M12_G1;02/08/2026;Red;Lose;Goldenk1te;Farmlane;Chano;Di Renjie;Flash;Blacklist Intl.;AG.AL;0 - 1;0;3;3;7700;1;0;0;0;0;49500;40700;12:33;Group Stage;Group A;PH;;;
KWC26_GS_M12_G1;02/08/2026;Red;Lose;Chazz;Roamer;Zhang Fei;;Heal;Blacklist Intl.;AG.AL;0 - 1;0;2;2;5700;1;0;0;0;0;10500;106800;12:33;Group Stage;Group A;PH;;;
KWC26_GS_M12_G2;02/08/2026;Red;Win;Ran;Clashlane;Dharma;Pei;Flash;AG.AL;Blacklist Intl.;2 - 0;0;0;6;8200;2;1;0;0;0;23100;40300;10:54;Group Stage;Group A;CN;;;
KWC26_GS_M12_G2;02/08/2026;Red;Win;Zoe;Jungler;Jing;Florentino;Smite;AG.AL;Blacklist Intl.;2 - 0;4;0;4;11200;2;1;0;0;0;49500;26100;10:54;Group Stage;Group A;CN;;;
KWC26_GS_M12_G2;02/08/2026;Red;Win;Sheng;Midlane;Yu Huan;Guan Yu;Flash;AG.AL;Blacklist Intl.;2 - 0;2;1;8;8200;2;1;0;0;0;42200;31000;10:54;Group Stage;Group A;CN;;;
KWC26_GS_M12_G2;02/08/2026;Red;Win;Yinuo;Farmlane;Arli;Flowborn(JG);Frenzy;AG.AL;Blacklist Intl.;2 - 0;3;1;6;9300;2;1;0;0;0;46700;22300;10:54;Group Stage;Group A;CN;;;
KWC26_GS_M12_G2;02/08/2026;Red;Win;Shuai;Roamer;Liu Bang;;Flash;AG.AL;Blacklist Intl.;2 - 0;2;0;9;6200;2;1;0;0;0;23600;34600;10:54;Group Stage;Group A;CN;;;
KWC26_GS_M12_G2;02/08/2026;Blue;Lose;Chammy1;Clashlane;Biron;Haya;Flash;Blacklist Intl.;AG.AL;0 - 2;0;4;0;5900;0;0;0;0;0;30300;62200;10:54;Group Stage;Group A;PH;;;
KWC26_GS_M12_G2;02/08/2026;Blue;Lose;Juschie;Jungler;Ying;Zhang Fei;Smite;Blacklist Intl.;AG.AL;0 - 2;0;2;0;7100;0;0;0;0;0;23600;31800;10:54;Group Stage;Group A;PH;;;
KWC26_GS_M12_G2;02/08/2026;Blue;Lose;Dragon;Midlane;Xiao Qiao;Liang;Flash;Blacklist Intl.;AG.AL;0 - 2;1;1;1;5900;0;0;0;0;0;29400;12900;10:54;Group Stage;Group A;PH;;;
KWC26_GS_M12_G2;02/08/2026;Blue;Lose;Goldenk1te;Farmlane;Ao Yin;Lian Po;Flash;Blacklist Intl.;AG.AL;0 - 2;0;1;1;7600;0;0;0;0;0;50700;26700;10:54;Group Stage;Group A;PH;;;
KWC26_GS_M12_G2;02/08/2026;Blue;Lose;Chazz;Roamer;Mozi;;Flash;Blacklist Intl.;AG.AL;0 - 2;1;3;1;5000;0;0;0;0;0;20400;51500;10:54;Group Stage;Group A;PH;;;
KWC26_GS_M13_G1;03/08/2026;Blue;Lose;Calm;Clashlane;Guan Yu;Mai Shiranui;Sprint;Titan Esports Club;Influence Rage;0 - 1;1;1;1;7000;1;0;0;0;0;30700;46200;12:24;Group Stage;Group B;PH;;;
KWC26_GS_M13_G1;03/08/2026;Blue;Lose;GuXing;Jungler;Luna;Haya;Smite;Titan Esports Club;Influence Rage;0 - 1;3;3;1;9000;1;0;0;0;0;54000;69700;12:24;Group Stage;Group B;PH;;;
KWC26_GS_M13_G1;03/08/2026;Blue;Lose;Katsu;Midlane;Yu Huan;Charlotte;Flash;Titan Esports Club;Influence Rage;0 - 1;0;3;4;6500;1;0;0;0;0;42700;71400;12:24;Group Stage;Group B;PH;;;
KWC26_GS_M13_G1;03/08/2026;Blue;Lose;QingC;Farmlane;Ao Yin;Florentino;Flash;Titan Esports Club;Influence Rage;0 - 1;2;2;1;8100;1;0;0;0;0;53400;39600;12:24;Group Stage;Group B;PH;;;
KWC26_GS_M13_G1;03/08/2026;Blue;Lose;Ivalice;Roamer;Lian Po;;Flash;Titan Esports Club;Influence Rage;0 - 1;0;2;3;4700;1;0;0;0;0;40300;96200;12:24;Group Stage;Group B;PH;;;
KWC26_GS_M13_G1;03/08/2026;Red;Win;Tempest;Clashlane;Dharma;Pei;Flash;Influence Rage;Titan Esports Club;1 - 0;1;1;4;8900;0;1;0;1;0;35600;46400;12:24;Group Stage;Group B;BR;;;
KWC26_GS_M13_G1;03/08/2026;Red;Win;Dani;Jungler;Ying;Lapu lapu;Smite;Influence Rage;Titan Esports Club;1 - 0;2;2;9;9200;0;1;0;1;0;71100;52200;12:24;Group Stage;Group B;BR;;;
KWC26_GS_M13_G1;03/08/2026;Red;Win;Fury;Midlane;Lorion;Nezha;Flash;Influence Rage;Titan Esports Club;1 - 0;0;1;7;6800;0;1;0;1;0;96000;27400;12:24;Group Stage;Group B;BR;;;
KWC26_GS_M13_G1;03/08/2026;Red;Win;Lefy;Farmlane;Chano;Jing;Flash;Influence Rage;Titan Esports Club;1 - 0;8;1;2;10500;0;1;0;1;0;100300;23300;12:24;Group Stage;Group B;BR;;;
KWC26_GS_M13_G1;03/08/2026;Red;Win;Maynah;Roamer;Zhang Fei;;Heal;Influence Rage;Titan Esports Club;1 - 0;0;1;10;6200;0;1;0;1;0;20100;71900;12:24;Group Stage;Group B;BR;;;
KWC26_GS_M13_G2;03/08/2026;Red;Win;Calm;Clashlane;Ata;Liang;Flash;Titan Esports Club;Influence Rage;1 - 1;1;1;7;8500;1;1;0;0;1;30400;63500;13:26;Group Stage;Group B;PH;;;
KWC26_GS_M13_G2;03/08/2026;Red;Win;GuXing;Jungler;Ukyo Tachibana;Haya;Smite;Titan Esports Club;Influence Rage;1 - 1;2;2;14;11100;1;1;0;0;1;75200;58800;13:26;Group Stage;Group B;PH;;;
KWC26_GS_M13_G2;03/08/2026;Red;Win;Katsu;Midlane;Lorion;Flowborn(FL);Flash;Titan Esports Club;Influence Rage;1 - 1;4;3;9;8400;1;1;0;0;1;99900;49300;13:26;Group Stage;Group B;PH;;;
KWC26_GS_M13_G2;03/08/2026;Red;Win;QingC;Farmlane;Arli;Erin;Frenzy;Titan Esports Club;Influence Rage;1 - 1;7;3;3;12100;1;1;0;0;1;74200;33000;13:26;Group Stage;Group B;PH;;;
KWC26_GS_M13_G2;03/08/2026;Red;Win;Ivalice;Roamer;Dyadia;;Flash;Titan Esports Club;Influence Rage;1 - 1;2;2;14;8100;1;1;0;0;1;43100;56000;13:26;Group Stage;Group B;PH;;;
KWC26_GS_M13_G2;03/08/2026;Blue;Lose;Tempest;Clashlane;Guan Yu;Zhang Fei;Sprint;Influence Rage;Titan Esports Club;1 - 1;2;1;3;9000;0;0;0;1;0;40000;41900;13:26;Group Stage;Group B;BR;;;
KWC26_GS_M13_G2;03/08/2026;Blue;Lose;Dani;Jungler;Pei;Agudo;Smite;Influence Rage;Titan Esports Club;1 - 1;5;4;4;10400;0;0;0;1;0;58600;90000;13:26;Group Stage;Group B;BR;;;
KWC26_GS_M13_G2;03/08/2026;Blue;Lose;Fury;Midlane;Mai Shiranui;Dharma;Flash;Influence Rage;Titan Esports Club;1 - 1;2;3;5;7200;0;0;0;1;0;63600;50000;13:26;Group Stage;Group B;BR;;;
KWC26_GS_M13_G2;03/08/2026;Blue;Lose;Lefy;Farmlane;Chicha;Shi;Flash;Influence Rage;Titan Esports Club;1 - 1;2;2;6;9700;0;0;0;1;0;62000;53900;13:26;Group Stage;Group B;BR;;;
KWC26_GS_M13_G2;03/08/2026;Blue;Lose;Maynah;Roamer;Lapu lapu;;Flash;Influence Rage;Titan Esports Club;1 - 1;0;6;8;5400;0;0;0;1;0;36500;87100;13:26;Group Stage;Group B;BR;;;
KWC26_GS_M13_G3;03/08/2026;Blue;Lose;Calm;Clashlane;Bai Qi;Haya;Flash;Titan Esports Club;Influence Rage;1 - 2;2;1;1;11000;2;2;0;0;0;54900;223600;21:34;Group Stage;Group B;PH;;;
KWC26_GS_M13_G3;03/08/2026;Blue;Lose;GuXing;Jungler;Jing;Ao Yin;Smite;Titan Esports Club;Influence Rage;1 - 2;1;1;2;16700;2;2;0;0;0;102900;106700;21:34;Group Stage;Group B;PH;;;
KWC26_GS_M13_G3;03/08/2026;Blue;Lose;Katsu;Midlane;Nuwa;Liang;Flash;Titan Esports Club;Influence Rage;1 - 2;1;1;3;12400;2;2;0;0;0;235400;45400;21:34;Group Stage;Group B;PH;;;
KWC26_GS_M13_G3;03/08/2026;Blue;Lose;QingC;Farmlane;Chicha;Dyadia;Flash;Titan Esports Club;Influence Rage;1 - 2;2;3;3;15500;2;2;0;0;0;167200;104300;21:34;Group Stage;Group B;PH;;;
KWC26_GS_M13_G3;03/08/2026;Blue;Lose;Ivalice;Roamer;Annette;;Flash;Titan Esports Club;Influence Rage;1 - 2;0;3;4;9400;2;2;0;0;0;46000;103600;21:34;Group Stage;Group B;PH;;;
KWC26_GS_M13_G3;03/08/2026;Red;Win;Tempest;Clashlane;Biron;Pei;Flash;Influence Rage;Titan Esports Club;2 - 1;2;0;3;14800;0;1;0;1;2;108200;147700;21:34;Group Stage;Group B;BR;;;
KWC26_GS_M13_G3;03/08/2026;Red;Win;Dani;Jungler;Flowborn(JG);Zhang Fei;Smite;Influence Rage;Titan Esports Club;2 - 1;3;2;5;13700;0;1;0;1;2;131000;219000;21:34;Group Stage;Group B;BR;;;
KWC26_GS_M13_G3;03/08/2026;Red;Win;Fury;Midlane;Lady Zhen;Lapu lapu;Flash;Influence Rage;Titan Esports Club;2 - 1;0;2;6;11200;0;1;0;1;2;171700;65100;21:34;Group Stage;Group B;BR;;;
KWC26_GS_M13_G3;03/08/2026;Red;Win;Lefy;Farmlane;Erin;Mozi;Flash;Influence Rage;Titan Esports Club;2 - 1;4;1;4;18200;0;1;0;1;2;132800;91300;21:34;Group Stage;Group B;BR;;;
KWC26_GS_M13_G3;03/08/2026;Red;Win;Maynah;Roamer;Sun Bin;;Heal;Influence Rage;Titan Esports Club;2 - 1;0;1;8;10900;0;1;0;1;2;40000;83300;21:34;Group Stage;Group B;BR;;;
KWC26_GS_M14_G1;03/08/2026;Blue;Lose;Clean;Clashlane;Nezha;Mai Shiranui;Execute;Deep Cross Gaming;BOOM Esports;0 - 1;1;3;2;8600;0;0;0;0;0;32900;47500;14:31;Group Stage;Group D;TW;;;
KWC26_GS_M14_G1;03/08/2026;Blue;Lose;Godwu;Jungler;Pei;Florentino;Smite;Deep Cross Gaming;BOOM Esports;0 - 1;2;2;1;11300;0;0;0;0;0;77800;52600;14:31;Group Stage;Group D;TW;;;
KWC26_GS_M14_G1;03/08/2026;Blue;Lose;Ethan;Midlane;Xiao Qiao;Dharma;Flash;Deep Cross Gaming;BOOM Esports;0 - 1;1;5;3;6700;0;0;0;0;0;43300;40400;14:31;Group Stage;Group D;TW;;;
KWC26_GS_M14_G1;03/08/2026;Blue;Lose;Son;Farmlane;Flowborn(FL);Charlotte;Flash;Deep Cross Gaming;BOOM Esports;0 - 1;2;1;3;11900;0;0;0;0;0;123700;54200;14:31;Group Stage;Group D;TW;;;
KWC26_GS_M14_G1;03/08/2026;Blue;Lose;Xin;Roamer;Lapu lapu;;Flash;Deep Cross Gaming;BOOM Esports;0 - 1;0;4;3;5900;0;0;0;0;0;28400;85400;14:31;Group Stage;Group D;TW;;;
KWC26_GS_M14_G1;03/08/2026;Red;Win;Miggie;Clashlane;Liu Bang;Ao Yin;Flash;BOOM Esports;Deep Cross Gaming;1 - 0;3;1;6;9400;2;1;0;0;1;27700;67600;14:31;Group Stage;Group D;PH;;;
KWC26_GS_M14_G1;03/08/2026;Red;Win;Karlll;Jungler;Ukyo Tachibana;Yango;Smite;BOOM Esports;Deep Cross Gaming;1 - 0;3;2;6;12100;2;1;0;0;1;50700;46400;14:31;Group Stage;Group D;PH;;;
KWC26_GS_M14_G1;03/08/2026;Red;Win;Tatsurii;Midlane;Lorion;Guan Yu;Flash;BOOM Esports;Deep Cross Gaming;1 - 0;2;2;10;8400;2;1;0;0;1;81000;37900;14:31;Group Stage;Group D;PH;;;
KWC26_GS_M14_G1;03/08/2026;Red;Win;Daniii;Farmlane;Erin;Biron;Flash;BOOM Esports;Deep Cross Gaming;1 - 0;5;1;4;11400;2;1;0;0;1;83100;39200;14:31;Group Stage;Group D;PH;;;
KWC26_GS_M14_G1;03/08/2026;Red;Win;Dr4w;Roamer;Zhang Fei;;Heal;BOOM Esports;Deep Cross Gaming;1 - 0;2;0;13;7300;2;1;0;0;1;37600;115100;14:31;Group Stage;Group D;PH;;;
KWC26_GS_M14_G2;03/08/2026;Red;Win;Clean;Clashlane;Guan Yu;Florentino;Sprint;Deep Cross Gaming;BOOM Esports;1 - 1;5;0;4;16000;1;1;1;0;2;58100;60800;22:11;Group Stage;Group D;TW;;;
KWC26_GS_M14_G2;03/08/2026;Red;Win;Godwu;Jungler;Kaizer;Pei;Smite;Deep Cross Gaming;BOOM Esports;1 - 1;1;3;5;15300;1;1;1;0;2;92000;138500;22:11;Group Stage;Group D;TW;;;
KWC26_GS_M14_G2;03/08/2026;Red;Win;Ethan;Midlane;Haya;Flowborn(JG);Flash;Deep Cross Gaming;BOOM Esports;1 - 1;3;4;8;11000;1;1;1;0;2;75100;87800;22:11;Group Stage;Group D;TW;;;
KWC26_GS_M14_G2;03/08/2026;Red;Win;Son;Farmlane;Arli;Charlotte;Frenzy;Deep Cross Gaming;BOOM Esports;1 - 1;5;2;6;18800;1;1;1;0;2;101800;81800;22:11;Group Stage;Group D;TW;;;
KWC26_GS_M14_G2;03/08/2026;Red;Win;Xin;Roamer;Annette;;Flash;Deep Cross Gaming;BOOM Esports;1 - 1;0;1;8;10500;1;1;1;0;2;92800;94400;22:11;Group Stage;Group D;TW;;;
KWC26_GS_M14_G2;03/08/2026;Blue;Lose;Miggie;Clashlane;Dharma;Yango;Flash;BOOM Esports;Deep Cross Gaming;1 - 1;4;3;5;12600;1;1;0;0;1;71600;70600;22:11;Group Stage;Group D;PH;;;
KWC26_GS_M14_G2;03/08/2026;Blue;Lose;Karlll;Jungler;Zilong;Zhang Fei;Smite;BOOM Esports;Deep Cross Gaming;1 - 1;1;2;3;13200;1;1;0;0;1;42800;93500;22:11;Group Stage;Group D;PH;;;
KWC26_GS_M14_G2;03/08/2026;Blue;Lose;Tatsurii;Midlane;Garuda;Jing;Flash;BOOM Esports;Deep Cross Gaming;1 - 1;1;3;7;13100;1;1;0;0;1;184400;73000;22:11;Group Stage;Group D;PH;;;
KWC26_GS_M14_G2;03/08/2026;Blue;Lose;Daniii;Farmlane;Ao Yin;Chano;Flash;BOOM Esports;Deep Cross Gaming;1 - 1;3;2;2;16600;1;1;0;0;1;101600;67000;22:11;Group Stage;Group D;PH;;;
KWC26_GS_M14_G2;03/08/2026;Blue;Lose;Dr4w;Roamer;Mozi;;Flash;BOOM Esports;Deep Cross Gaming;1 - 1;1;4;7;9300;1;1;0;0;1;63000;115800;22:11;Group Stage;Group D;PH;;;
KWC26_GS_M14_G3;03/08/2026;Red;Lose;Clean;Clashlane;Charlotte;Florentino;Flash;Deep Cross Gaming;BOOM Esports;1 - 2;3;2;1;10900;1;0;0;0;0;41400;48100;16:05;Group Stage;Group D;TW;;;
KWC26_GS_M14_G3;03/08/2026;Red;Lose;Godwu;Jungler;Dun;Pei;Smite;Deep Cross Gaming;BOOM Esports;1 - 2;0;3;2;9000;1;0;0;0;0;35800;121300;16:05;Group Stage;Group D;TW;;;
KWC26_GS_M14_G3;03/08/2026;Red;Lose;Ethan;Midlane;Lorion;Guan Yu;Flash;Deep Cross Gaming;BOOM Esports;1 - 2;4;4;1;8200;1;0;0;0;0;83800;50100;16:05;Group Stage;Group D;TW;;;
KWC26_GS_M14_G3;03/08/2026;Red;Lose;Son;Farmlane;Ao Yin;Bai Qi;Flash;Deep Cross Gaming;BOOM Esports;1 - 2;1;3;3;12700;1;0;0;0;0;88400;54000;16:05;Group Stage;Group D;TW;;;
KWC26_GS_M14_G3;03/08/2026;Red;Lose;Xin;Roamer;Dyadia;;Flash;Deep Cross Gaming;BOOM Esports;1 - 2;0;3;4;8200;1;0;0;0;0;25200;80000;16:05;Group Stage;Group D;TW;;;
KWC26_GS_M14_G3;03/08/2026;Blue;Win;Miggie;Clashlane;Biron;Yango;Flash;BOOM Esports;Deep Cross Gaming;2 - 1;3;1;9;9500;1;2;0;1;1;62100;113400;16:05;Group Stage;Group D;PH;;;
KWC26_GS_M14_G3;03/08/2026;Blue;Win;Karlll;Jungler;Jing;Zhang Fei;Smite;BOOM Esports;Deep Cross Gaming;2 - 1;6;0;8;15400;1;2;0;1;1;97800;49000;16:05;Group Stage;Group D;PH;;;
KWC26_GS_M14_G3;03/08/2026;Blue;Win;Tatsurii;Midlane;Wang Zhaojun;Yang Jian;Flash;BOOM Esports;Deep Cross Gaming;2 - 1;2;2;7;8000;1;2;0;1;1;70300;42200;16:05;Group Stage;Group D;PH;;;
KWC26_GS_M14_G3;03/08/2026;Blue;Win;Daniii;Farmlane;Chano;Umbrosa;Flash;BOOM Esports;Deep Cross Gaming;2 - 1;4;2;9;12200;1;2;0;1;1;96400;34800;16:05;Group Stage;Group D;PH;;;
KWC26_GS_M14_G3;03/08/2026;Blue;Win;Dr4w;Roamer;Liang;;Flash;BOOM Esports;Deep Cross Gaming;2 - 1;0;3;11;7200;1;2;0;1;1;27100;35100;16:05;Group Stage;Group D;PH;;;
KWC26_GS_M15_G1;03/08/2026;Blue;Win;Siang;Clashlane;Florentino;Guan Yu;Flash;Aurora Gaming;Influence Rage;1 - 0;1;0;2;8600;2;1;0;0;0;38000;22500;12:00;Group Stage;Group B;MY;;;
KWC26_GS_M15_G1;03/08/2026;Blue;Win;YuLong;Jungler;Yang Jian;Mai Shiranui;Smite;Aurora Gaming;Influence Rage;1 - 0;4;1;5;9600;2;1;0;0;0;55200;56100;12:00;Group Stage;Group B;MY;;;
KWC26_GS_M15_G1;03/08/2026;Blue;Win;ZhiHong;Midlane;Lorion;Nuwa;Flash;Aurora Gaming;Influence Rage;1 - 0;2;0;6;8700;2;1;0;0;0;114700;32500;12:00;Group Stage;Group B;MY;;;
KWC26_GS_M15_G1;03/08/2026;Blue;Win;JR;Farmlane;Agudo;Luna;Frenzy;Aurora Gaming;Influence Rage;1 - 0;2;0;3;8900;2;1;0;0;0;28000;35500;12:00;Group Stage;Group B;MY;;;
KWC26_GS_M15_G1;03/08/2026;Blue;Win;Saber;Roamer;Dolia;;Heal;Aurora Gaming;Influence Rage;1 - 0;0;0;8;5700;2;1;0;0;0;24200;45000;12:00;Group Stage;Group B;MY;;;
KWC26_GS_M15_G1;03/08/2026;Red;Lose;Tempest;Clashlane;Dharma;Pei;Flash;Influence Rage;Aurora Gaming;0 - 1;0;2;0;6000;0;0;0;0;0;13000;51200;12:00;Group Stage;Group B;BR;;;
KWC26_GS_M15_G1;03/08/2026;Red;Lose;Dani;Jungler;Musashi;Ao Yin;Smite;Influence Rage;Aurora Gaming;0 - 1;1;4;0;8300;0;0;0;0;0;32600;65200;12:00;Group Stage;Group B;BR;;;
KWC26_GS_M15_G1;03/08/2026;Red;Lose;Fury;Midlane;Garuda;Nezha;Flash;Influence Rage;Aurora Gaming;0 - 1;0;1;1;6400;0;0;0;0;0;68800;37600;12:00;Group Stage;Group B;BR;;;
KWC26_GS_M15_G1;03/08/2026;Red;Lose;Lefy;Farmlane;Flowborn(FL);Jing;Flash;Influence Rage;Aurora Gaming;0 - 1;0;2;1;7300;0;0;0;0;0;61800;46500;12:00;Group Stage;Group B;BR;;;
KWC26_GS_M15_G1;03/08/2026;Red;Lose;Maynah;Roamer;Zhang Fei;;Heal;Influence Rage;Aurora Gaming;0 - 1;0;0;1;4900;0;0;0;0;0;9900;59500;12:00;Group Stage;Group B;BR;;;
KWC26_GS_M15_G2;03/08/2026;Red;Win;Siang;Clashlane;Biron;Lorion;Flash;Aurora Gaming;Influence Rage;2 - 0;0;2;6;8500;2;1;0;0;0;28500;53800;14:10;Group Stage;Group B;MY;;;
KWC26_GS_M15_G2;03/08/2026;Red;Win;YuLong;Jungler;Luna;Pei;Smite;Aurora Gaming;Influence Rage;2 - 0;1;2;4;12100;2;1;0;0;0;25100;36200;14:10;Group Stage;Group B;MY;;;
KWC26_GS_M15_G2;03/08/2026;Red;Win;ZhiHong;Midlane;Haya;Annette;Flash;Aurora Gaming;Influence Rage;2 - 0;1;2;3;7800;2;1;0;0;0;64700;32100;14:10;Group Stage;Group B;MY;;;
KWC26_GS_M15_G2;03/08/2026;Red;Win;JR;Farmlane;Shouyue;Nuwa;Flash;Aurora Gaming;Influence Rage;2 - 0;5;1;3;10500;2;1;0;0;0;80000;22200;14:10;Group Stage;Group B;MY;;;
KWC26_GS_M15_G2;03/08/2026;Red;Win;Saber;Roamer;Lapu lapu;;Flash;Aurora Gaming;Influence Rage;2 - 0;2;0;5;7400;2;1;0;0;0;32900;64400;14:10;Group Stage;Group B;MY;;;
KWC26_GS_M15_G2;03/08/2026;Blue;Lose;Tempest;Clashlane;Ata;Zhang Fei;Flash;Influence Rage;Aurora Gaming;0 - 2;1;1;3;8600;0;0;0;1;1;29200;76900;14:10;Group Stage;Group B;BR;;;
KWC26_GS_M15_G2;03/08/2026;Blue;Lose;Dani;Jungler;Agudo;Mai Shiranui;Smite;Influence Rage;Aurora Gaming;0 - 2;2;2;5;11200;0;0;0;1;1;77800;86800;14:10;Group Stage;Group B;BR;;;
KWC26_GS_M15_G2;03/08/2026;Blue;Lose;Fury;Midlane;Wang Zhaojun;Flowborn(JG);Flash;Influence Rage;Aurora Gaming;0 - 2;0;1;5;7000;0;0;0;1;1;41800;35400;14:10;Group Stage;Group B;BR;;;
KWC26_GS_M15_G2;03/08/2026;Blue;Lose;Lefy;Farmlane;Ao Yin;Chano;Flash;Influence Rage;Aurora Gaming;0 - 2;2;2;2;9700;0;0;0;1;1;37300;29700;14:10;Group Stage;Group B;BR;;;
KWC26_GS_M15_G2;03/08/2026;Blue;Lose;Maynah;Roamer;Liang;;Flash;Influence Rage;Aurora Gaming;0 - 2;2;3;3;6900;0;0;0;1;1;22600;37800;14:10;Group Stage;Group B;BR;;;
KWC26_GS_M16_G1;03/08/2026;Blue;Win;Tufz;Clashlane;Guan Yu;Pei;Sprint;Team Nemesis;BOOM Esports;1 - 0;2;0;5;9900;1;1;0;1;1;50700;53300;14:50;Group Stage;Group D;ID;;;
KWC26_GS_M16_G1;03/08/2026;Blue;Win;TianX;Jungler;Nezha;Florentino;Smite;Team Nemesis;BOOM Esports;1 - 0;5;1;4;12000;1;1;0;1;1;72600;65400;14:50;Group Stage;Group D;ID;;;
KWC26_GS_M16_G1;03/08/2026;Blue;Win;JerL;Midlane;Haya;Charlotte;Flash;Team Nemesis;BOOM Esports;1 - 0;1;1;5;8700;1;1;0;1;1;47600;46100;14:50;Group Stage;Group D;ID;;;
KWC26_GS_M16_G1;03/08/2026;Blue;Win;CC;Farmlane;Erin;Dharma;Flash;Team Nemesis;BOOM Esports;1 - 0;1;1;7;11000;1;1;0;1;1;105500;58000;14:50;Group Stage;Group D;ID;;;
KWC26_GS_M16_G1;03/08/2026;Blue;Win;eL;Roamer;Lapu lapu;;Flash;Team Nemesis;BOOM Esports;1 - 0;2;2;5;6400;1;1;0;1;1;23400;70000;14:50;Group Stage;Group D;ID;;;
KWC26_GS_M16_G1;03/08/2026;Red;Lose;Miggie;Clashlane;Umbrosa;Ao Yin;Flash;BOOM Esports;Team Nemesis;0 - 1;2;3;1;9300;0;0;0;0;0;63600;80200;14:50;Group Stage;Group D;PH;;;
KWC26_GS_M16_G1;03/08/2026;Red;Lose;Karlll;Jungler;Agudo;Chicha;Smite;BOOM Esports;Team Nemesis;0 - 1;1;2;3;9100;0;0;0;0;0;51900;69200;14:50;Group Stage;Group D;PH;;;
KWC26_GS_M16_G1;03/08/2026;Red;Lose;Tatsurii;Midlane;Lorion;Luna;Flash;BOOM Esports;Team Nemesis;0 - 1;0;4;4;7700;0;0;0;0;0;77800;42700;14:50;Group Stage;Group D;PH;;;
KWC26_GS_M16_G1;03/08/2026;Red;Lose;Daniii;Farmlane;Flowborn(FL);Lam;Flash;BOOM Esports;Team Nemesis;0 - 1;2;1;2;10400;0;0;0;0;0;87200;47400;14:50;Group Stage;Group D;PH;;;
KWC26_GS_M16_G1;03/08/2026;Red;Lose;Dr4w;Roamer;Zhang Fei;;Heal;BOOM Esports;Team Nemesis;0 - 1;0;1;3;5900;0;0;0;0;0;20500;89200;14:50;Group Stage;Group D;PH;;;
KWC26_GS_M16_G2;03/08/2026;Red;Win;Tufz;Clashlane;Biron;Haya;Flash;Team Nemesis;BOOM Esports;2 - 0;1;1;10;8500;2;1;0;0;0;35400;74000;12:49;Group Stage;Group D;ID;;;
KWC26_GS_M16_G2;03/08/2026;Red;Win;TianX;Jungler;Menki;Pei;Smite;Team Nemesis;BOOM Esports;2 - 0;5;1;9;10000;2;1;0;0;0;43400;51000;12:49;Group Stage;Group D;ID;;;
KWC26_GS_M16_G2;03/08/2026;Red;Win;JerL;Midlane;Lorion;Xiao Qiao;Flash;Team Nemesis;BOOM Esports;2 - 0;5;0;10;8300;2;1;0;0;0;79500;21500;12:49;Group Stage;Group D;ID;;;
KWC26_GS_M16_G2;03/08/2026;Red;Win;CC;Farmlane;Chano;Garuda;Flash;Team Nemesis;BOOM Esports;2 - 0;5;1;10;10500;2;1;0;0;0;93400;24800;12:49;Group Stage;Group D;ID;;;
KWC26_GS_M16_G2;03/08/2026;Red;Win;eL;Roamer;Dyadia;;Flash;Team Nemesis;BOOM Esports;2 - 0;0;1;15;6900;2;1;0;0;0;26700;33400;12:49;Group Stage;Group D;ID;;;
KWC26_GS_M16_G2;03/08/2026;Blue;Lose;Miggie;Clashlane;Charlotte;Zhang Fei;Flash;BOOM Esports;Team Nemesis;0 - 2;0;3;4;7200;0;0;0;1;0;39000;69900;12:49;Group Stage;Group D;PH;;;
KWC26_GS_M16_G2;03/08/2026;Blue;Lose;Karlll;Jungler;Zilong;Mai Shiranui;Smite;BOOM Esports;Team Nemesis;0 - 2;1;3;3;8500;0;0;0;1;0;33000;61600;12:49;Group Stage;Group D;PH;;;
KWC26_GS_M16_G2;03/08/2026;Blue;Lose;Tatsurii;Midlane;Angela;Luna;Flash;BOOM Esports;Team Nemesis;0 - 2;1;3;2;6400;0;0;0;1;0;42600;43800;12:49;Group Stage;Group D;PH;;;
KWC26_GS_M16_G2;03/08/2026;Blue;Lose;Daniii;Farmlane;Ao Yin;Arli;Flash;BOOM Esports;Team Nemesis;0 - 2;2;2;0;9200;0;0;0;1;0;55900;37000;12:49;Group Stage;Group D;PH;;;
KWC26_GS_M16_G2;03/08/2026;Blue;Lose;Dr4w;Roamer;Mozi;;Flash;BOOM Esports;Team Nemesis;0 - 2;0;5;4;4900;0;0;0;1;0;34100;66000;12:49;Group Stage;Group D;PH;;;
KWC26_GS_M17_G1;04/08/2026;Red;Lose;Deadshot;Clashlane;Dharma;Florentino;Flash;Revenant XSpark;Buriram United;0 - 1;0;3;0;7200;1;0;0;1;0;;;13:58;Group Stage;Group C;IND;;;
KWC26_GS_M17_G1;04/08/2026;Red;Lose;JingTian;Jungler;Ukyo Tachibana;Lorion;Smite;Revenant XSpark;Buriram United;0 - 1;1;1;0;11800;1;0;0;1;0;;;13:58;Group Stage;Group C;IND;;;
KWC26_GS_M17_G1;04/08/2026;Red;Lose;Candie;Midlane;Xiao Qiao;Biron;Flash;Revenant XSpark;Buriram United;0 - 1;1;4;0;6900;1;0;0;1;0;;;13:58;Group Stage;Group C;IND;;;
KWC26_GS_M17_G1;04/08/2026;Red;Lose;Senpai;Farmlane;Erin;Mai Shiranui;Flash;Revenant XSpark;Buriram United;0 - 1;0;2;1;8300;1;0;0;1;0;;;13:58;Group Stage;Group C;IND;;;
KWC26_GS_M17_G1;04/08/2026;Red;Lose;Crowly;Roamer;Dyadia;;Flash;Revenant XSpark;Buriram United;0 - 1;0;2;2;6400;1;0;0;1;0;;;13:58;Group Stage;Group C;IND;;;
KWC26_GS_M17_G1;04/08/2026;Blue;Win;Littleboyz;Clashlane;Charlotte;Haya;Flash;Buriram United;Revenant XSpark;1 - 0;4;0;4;10200;1;1;0;0;1;;;13:58;Group Stage;Group C;TH;;;
KWC26_GS_M17_G1;04/08/2026;Blue;Win;Valdus;Jungler;Pei;Jing;Smite;Buriram United;Revenant XSpark;1 - 0;3;1;5;11900;1;1;0;0;1;;;13:58;Group Stage;Group C;TH;;;
KWC26_GS_M17_G1;04/08/2026;Blue;Win;NuNu;Midlane;Angela;Guan Yu;Flash;Buriram United;Revenant XSpark;1 - 0;3;1;7;9900;1;1;0;0;1;;;13:58;Group Stage;Group C;TH;;;
KWC26_GS_M17_G1;04/08/2026;Blue;Win;Ligky;Farmlane;Flowborn(FL);Ao Yin;Flash;Buriram United;Revenant XSpark;1 - 0;2;0;7;10900;1;1;0;0;1;;;13:58;Group Stage;Group C;TH;;;
KWC26_GS_M17_G1;04/08/2026;Blue;Win;Taoz;Roamer;Zhang Fei;;Heal;Buriram United;Revenant XSpark;1 - 0;0;0;11;7300;1;1;0;0;1;;;13:58;Group Stage;Group C;TH;;;
KWC26_GS_M17_G2;04/08/2026;Blue;Lose;Deadshot;Clashlane;Charlotte;Florentino;Flash;Revenant XSpark;Buriram United;0 - 2;0;2;0;4100;0;0;0;0;0;;;09:40;Group Stage;Group C;IND;;;
KWC26_GS_M17_G2;04/08/2026;Blue;Lose;JingTian;Jungler;Luna;Mai Shiranui;Smite;Revenant XSpark;Buriram United;0 - 2;0;3;1;6300;0;0;0;0;0;;;09:40;Group Stage;Group C;IND;;;
KWC26_GS_M17_G2;04/08/2026;Blue;Lose;Candie;Midlane;Haya;Dyadia;Flash;Revenant XSpark;Buriram United;0 - 2;0;3;0;4300;0;0;0;0;0;;;09:40;Group Stage;Group C;IND;;;
KWC26_GS_M17_G2;04/08/2026;Blue;Lose;Senpai;Farmlane;Arli;Lian Po;Frenzy;Revenant XSpark;Buriram United;0 - 2;1;2;0;6400;0;0;0;0;0;;;09:40;Group Stage;Group C;IND;;;
KWC26_GS_M17_G2;04/08/2026;Blue;Lose;Crowly;Roamer;Lapu lapu;;Flash;Revenant XSpark;Buriram United;0 - 2;0;2;1;4100;0;0;0;0;0;;;09:40;Group Stage;Group C;IND;;;
KWC26_GS_M17_G2;04/08/2026;Red;Win;Littleboyz;Clashlane;Biron;Pei;Flash;Buriram United;Revenant XSpark;2 - 0;0;0;7;6600;1;0;0;0;0;;;09:40;Group Stage;Group C;TH;;;
KWC26_GS_M17_G2;04/08/2026;Red;Win;Valdus;Jungler;Agudo;Lorion;Smite;Buriram United;Revenant XSpark;2 - 0;7;0;3;9200;1;0;0;0;0;;;09:40;Group Stage;Group C;TH;;;
KWC26_GS_M17_G2;04/08/2026;Red;Win;NuNu;Midlane;Xiao Qiao;Guan Yu;Flash;Buriram United;Revenant XSpark;2 - 0;1;1;7;6000;1;0;0;0;0;;;09:40;Group Stage;Group C;TH;;;
KWC26_GS_M17_G2;04/08/2026;Red;Win;Ligky;Farmlane;Ao Yin;Jing;Flash;Buriram United;Revenant XSpark;2 - 0;4;0;4;8300;1;0;0;0;0;;;09:40;Group Stage;Group C;TH;;;
KWC26_GS_M17_G2;04/08/2026;Red;Win;Taoz;Roamer;Annette;;Flash;Buriram United;Revenant XSpark;2 - 0;0;0;10;5200;1;0;0;0;0;;;09:40;Group Stage;Group C;TH;;;
KWC26_GS_M18_G1;04/08/2026;Red;Win;Bal;Clashlane;Charlotte;Zhang Fei;Flash;Team Vitality;MIBR.LOS;1 - 0;3;4;9;17000;1;1;0;0;0;;;24:51;Group Stage;Group A;ID;;;
KWC26_GS_M18_G1;04/08/2026;Red;Win;ZhanQ;Jungler;Pei;Lorion;Smite;Team Vitality;MIBR.LOS;1 - 0;2;2;9;19200;1;1;0;0;0;;;24:51;Group Stage;Group A;ID;;;
KWC26_GS_M18_G1;04/08/2026;Red;Win;JenMyth;Midlane;Angela;Shi;Flash;Team Vitality;MIBR.LOS;1 - 0;3;2;10;15200;1;1;0;0;0;;;24:51;Group Stage;Group A;ID;;;
KWC26_GS_M18_G1;04/08/2026;Red;Win;LanFeng;Farmlane;Chano;Biron;Flash;Team Vitality;MIBR.LOS;1 - 0;8;1;3;20500;1;1;0;0;0;;;24:51;Group Stage;Group A;ID;;;
KWC26_GS_M18_G1;04/08/2026;Red;Win;F1;Roamer;Lapu lapu;;Flash;Team Vitality;MIBR.LOS;1 - 0;0;2;13;12700;1;1;0;0;0;;;24:51;Group Stage;Group A;ID;;;
KWC26_GS_M18_G1;04/08/2026;Blue;Lose;Freaks;Clashlane;Guan Yu;Florentino;Sprint;MIBR.LOS;Team Vitality;0 - 1;1;4;5;16100;1;2;1;0;2;;;24:51;Group Stage;Group A;BR;;;
KWC26_GS_M18_G1;04/08/2026;Blue;Lose;Abh;Jungler;Ukyo Tachibana;Mai Shiranui;Smite;MIBR.LOS;Team Vitality;0 - 1;4;3;4;17200;1;2;1;0;2;;;24:51;Group Stage;Group A;BR;;;
KWC26_GS_M18_G1;04/08/2026;Blue;Lose;0Ne;Midlane;Ganmo;Haya;Flash;MIBR.LOS;Team Vitality;0 - 1;2;3;7;14400;1;2;1;0;2;;;24:51;Group Stage;Group A;BR;;;
KWC26_GS_M18_G1;04/08/2026;Blue;Lose;Vento;Farmlane;Ao Yin;Xiao Qiao;Flash;MIBR.LOS;Team Vitality;0 - 1;3;3;5;17500;1;2;1;0;2;;;24:51;Group Stage;Group A;BR;;;
KWC26_GS_M18_G1;04/08/2026;Blue;Lose;ManoFrizer;Roamer;Mozi;;Flash;MIBR.LOS;Team Vitality;0 - 1;1;3;10;12000;1;2;1;0;2;;;24:51;Group Stage;Group A;BR;;;
KWC26_GS_M18_G2;04/08/2026;Blue;Win;Bal;Clashlane;Guan Yu;Pei;Sprint;Team Vitality;MIBR.LOS;2 - 0;1;0;3;8300;2;1;0;1;1;;;12:05;Group Stage;Group A;ID;;;
KWC26_GS_M18_G2;04/08/2026;Blue;Win;ZhanQ;Jungler;Jing;Mai Shiranui;Smite;Team Vitality;MIBR.LOS;2 - 0;2;0;6;10700;2;1;0;1;1;;;12:05;Group Stage;Group A;ID;;;
KWC26_GS_M18_G2;04/08/2026;Blue;Win;JenMyth;Midlane;Haya;Flowborn(FL);Flash;Team Vitality;MIBR.LOS;2 - 0;4;0;3;8100;2;1;0;1;1;;;12:05;Group Stage;Group A;ID;;;
KWC26_GS_M18_G2;04/08/2026;Blue;Win;LanFeng;Farmlane;Chicha;Arli;Flash;Team Vitality;MIBR.LOS;2 - 0;2;0;1;9800;2;1;0;1;1;;;12:05;Group Stage;Group A;ID;;;
KWC26_GS_M18_G2;04/08/2026;Blue;Win;F1;Roamer;Zhang Fei;;Heal;Team Vitality;MIBR.LOS;2 - 0;0;0;9;5800;2;1;0;1;1;;;12:05;Group Stage;Group A;ID;;;
KWC26_GS_M18_G2;04/08/2026;Red;Lose;Freaks;Clashlane;Biron;Florentino;Flash;MIBR.LOS;Team Vitality;0 - 2;0;1;0;6500;0;0;0;0;0;;;12:05;Group Stage;Group A;BR;;;
KWC26_GS_M18_G2;04/08/2026;Red;Lose;Abh;Jungler;Ying;Lorion;Smite;MIBR.LOS;Team Vitality;0 - 2;0;2;0;8000;0;0;0;0;0;;;12:05;Group Stage;Group A;BR;;;
KWC26_GS_M18_G2;04/08/2026;Red;Lose;0Ne;Midlane;Garuda;Ao Yin;Flash;MIBR.LOS;Team Vitality;0 - 2;0;2;0;6100;0;0;0;0;0;;;12:05;Group Stage;Group A;BR;;;
KWC26_GS_M18_G2;04/08/2026;Red;Lose;Vento;Farmlane;Shouyue;Nezha;Flash;MIBR.LOS;Team Vitality;0 - 2;0;2;0;6600;0;0;0;0;0;;;12:05;Group Stage;Group A;BR;;;
KWC26_GS_M18_G2;04/08/2026;Red;Lose;ManoFrizer;Roamer;Dyadia;;Flash;MIBR.LOS;Team Vitality;0 - 2;0;2;0;5200;0;0;0;0;0;;;12:05;Group Stage;Group A;BR;;;
KWC26_GS_M19_G1;04/08/2026;Red;Win;Nighty;Clashlane;Guan Yu;Dyadia;Sprint;Virtus.pro;Buriram United;1 - 0;3;1;5;10100;0;1;0;0;1;;;14:53;Group Stage;Group C;RU;;;
KWC26_GS_M19_G1;04/08/2026;Red;Win;JiaBao;Jungler;Zilong;Florentino;Smite;Virtus.pro;Buriram United;1 - 0;5;1;8;15200;0;1;0;0;1;;;14:53;Group Stage;Group C;RU;;;
KWC26_GS_M19_G1;04/08/2026;Red;Win;hai1ang;Midlane;Mai Shiranui;Lapu lapu;Flash;Virtus.pro;Buriram United;1 - 0;1;1;10;9200;0;1;0;0;1;;;14:53;Group Stage;Group C;RU;;;
KWC26_GS_M19_G1;04/08/2026;Red;Win;Tgold;Farmlane;Chicha;Annette;Frenzy;Virtus.pro;Buriram United;1 - 0;3;3;3;11000;0;1;0;0;1;;;14:53;Group Stage;Group C;RU;;;
KWC26_GS_M19_G1;04/08/2026;Red;Win;Clue;Roamer;Zhang Fei;;Stun;Virtus.pro;Buriram United;1 - 0;2;1;11;7400;0;1;0;0;1;;;14:53;Group Stage;Group C;RU;;;
KWC26_GS_M19_G1;04/08/2026;Blue;Lose;Littleboyz;Clashlane;Biron;Jing;Flash;Buriram United;Virtus.pro;0 - 1;1;4;2;8400;1;0;0;1;0;;;14:53;Group Stage;Group C;TH;;;
KWC26_GS_M19_G1;04/08/2026;Blue;Lose;Valdus;Jungler;Ying;Ao Yin;Smite;Buriram United;Virtus.pro;0 - 1;5;1;2;11700;1;0;0;1;0;;;14:53;Group Stage;Group C;TH;;;
KWC26_GS_M19_G1;04/08/2026;Blue;Lose;NuNu;Midlane;Lorion;Nezha;Flash;Buriram United;Virtus.pro;0 - 1;1;2;5;8100;1;0;0;1;0;;;14:53;Group Stage;Group C;TH;;;
KWC26_GS_M19_G1;04/08/2026;Blue;Lose;Ligky;Farmlane;Chano;Pei;Flash;Buriram United;Virtus.pro;0 - 1;0;4;3;9100;1;0;0;1;0;;;14:53;Group Stage;Group C;TH;;;
KWC26_GS_M19_G1;04/08/2026;Blue;Lose;Taoz;Roamer;Yu Huan;;Flash;Buriram United;Virtus.pro;0 - 1;0;3;5;7200;1;0;0;1;0;;;14:53;Group Stage;Group C;TH;;;
KWC26_GS_M19_G2;04/08/2026;Red;Win;Nighty;Clashlane;Florentino;Dyadia;Flash;Virtus.pro;Buriram United;2 - 0;3;4;2;8700;1;0;0;0;1;;;13:01;Group Stage;Group C;RU;;;
KWC26_GS_M19_G2;04/08/2026;Red;Win;JiaBao;Jungler;Ukyo Tachibana;Haya;Smite;Virtus.pro;Buriram United;2 - 0;2;1;5;11600;1;0;0;0;1;;;13:01;Group Stage;Group C;RU;;;
KWC26_GS_M19_G2;04/08/2026;Red;Win;hai1ang;Midlane;Angela;Heino;Flash;Virtus.pro;Buriram United;2 - 0;1;2;5;8000;1;0;0;0;1;;;13:01;Group Stage;Group C;RU;;;
KWC26_GS_M19_G2;04/08/2026;Red;Win;Tgold;Farmlane;Chano;Mai Shiranui;Flash;Virtus.pro;Buriram United;2 - 0;2;0;5;10400;1;0;0;0;1;;;13:01;Group Stage;Group C;RU;;;
KWC26_GS_M19_G2;04/08/2026;Red;Win;Clue;Roamer;Lapu lapu;;Flash;Virtus.pro;Buriram United;2 - 0;0;2;6;6500;1;0;0;0;1;;;13:01;Group Stage;Group C;RU;;;
KWC26_GS_M19_G2;04/08/2026;Blue;Lose;Littleboyz;Clashlane;Dharma;Jing;Flash;Buriram United;Virtus.pro;0 - 2;1;2;4;7700;1;1;0;1;0;;;13:01;Group Stage;Group C;TH;;;
KWC26_GS_M19_G2;04/08/2026;Blue;Lose;Valdus;Jungler;Pei;Lorion;Smite;Buriram United;Virtus.pro;0 - 2;4;2;2;10600;1;1;0;1;0;;;13:01;Group Stage;Group C;TH;;;
KWC26_GS_M19_G2;04/08/2026;Blue;Lose;NuNu;Midlane;Xiao Qiao;Biron;Flash;Buriram United;Virtus.pro;0 - 2;4;2;3;7800;1;1;0;1;0;;;13:01;Group Stage;Group C;TH;;;
KWC26_GS_M19_G2;04/08/2026;Blue;Lose;Ligky;Farmlane;Ao Yin;Charlotte;Flash;Buriram United;Virtus.pro;0 - 2;0;0;5;8400;1;1;0;1;0;;;13:01;Group Stage;Group C;TH;;;
KWC26_GS_M19_G2;04/08/2026;Blue;Lose;Taoz;Roamer;Zhang Fei;;Heal;Buriram United;Virtus.pro;0 - 2;0;2;4;5900;1;1;0;1;0;;;13:01;Group Stage;Group C;TH;;;
KWC26_GS_M20_G1;04/08/2026;Blue;Win;Chammy1;Clashlane;Charlotte;Florentino;Flash;Blacklist Intl.;Team Vitality;1 - 0;4;0;3;10300;2;1;0;1;0;78400;41900;13:04;Group Stage;Group A;PH;;;
KWC26_GS_M20_G1;04/08/2026;Blue;Win;Juschie;Jungler;Menki;Pei;Smite;Blacklist Intl.;Team Vitality;1 - 0;3;0;4;10900;2;1;0;1;0;104600;80700;13:04;Group Stage;Group A;PH;;;
KWC26_GS_M20_G1;04/08/2026;Blue;Win;Dragon;Midlane;Haya;Jing;Flash;Blacklist Intl.;Team Vitality;1 - 0;2;1;6;8500;2;1;0;1;0;54100;34800;13:04;Group Stage;Group A;PH;;;
KWC26_GS_M20_G1;04/08/2026;Blue;Win;Goldenk1te;Farmlane;Ao Yin;Luna;Flash;Blacklist Intl.;Team Vitality;1 - 0;3;1;3;10100;2;1;0;1;0;50400;31600;13:04;Group Stage;Group A;PH;;;
KWC26_GS_M20_G1;04/08/2026;Blue;Win;Chazz;Roamer;Lian Po;;Flash;Blacklist Intl.;Team Vitality;1 - 0;0;1;10;6500;2;1;0;1;0;27500;65000;13:04;Group Stage;Group A;PH;;;
KWC26_GS_M20_G1;04/08/2026;Red;Lose;Bal;Clashlane;Biron;Zhang Fei;Flash;Team Vitality;Blacklist Intl.;0 - 1;0;3;1;6900;0;0;0;0;0;48400;127300;13:04;Group Stage;Group A;ID;;;
KWC26_GS_M20_G1;04/08/2026;Red;Lose;ZhanQ;Jungler;Ying;Lorion;Smite;Team Vitality;Blacklist Intl.;0 - 1;3;3;0;10100;0;0;0;0;0;62400;59700;13:04;Group Stage;Group A;ID;;;
KWC26_GS_M20_G1;04/08/2026;Red;Lose;JenMyth;Midlane;Ziya;Xiao Qiao;Flash;Team Vitality;Blacklist Intl.;0 - 1;0;2;0;5900;0;0;0;0;0;48500;26800;13:04;Group Stage;Group A;ID;;;
KWC26_GS_M20_G1;04/08/2026;Red;Lose;LanFeng;Farmlane;Flowborn(FL);Mai Shiranui;Flash;Team Vitality;Blacklist Intl.;0 - 1;0;2;0;9900;0;0;0;0;0;74500;41300;13:04;Group Stage;Group A;ID;;;
KWC26_GS_M20_G1;04/08/2026;Red;Lose;F1;Roamer;Lapu lapu;;Flash;Team Vitality;Blacklist Intl.;0 - 1;0;2;0;5200;0;0;0;0;0;20100;59900;13:04;Group Stage;Group A;ID;;;
KWC26_GS_M20_G2;04/08/2026;Red;Lose;Chammy1;Clashlane;Fatih;Florentino;Flash;Blacklist Intl.;Team Vitality;1 - 1;0;3;2;8500;0;0;0;0;0;;;13:11;Group Stage;Group A;PH;;;
KWC26_GS_M20_G2;04/08/2026;Red;Lose;Juschie;Jungler;Flowborn(JG);Zhang Fei;Smite;Blacklist Intl.;Team Vitality;1 - 1;0;2;2;8000;0;0;0;0;0;;;13:11;Group Stage;Group A;PH;;;
KWC26_GS_M20_G2;04/08/2026;Red;Lose;Dragon;Midlane;Lorion;Liu Bang;Flash;Blacklist Intl.;Team Vitality;1 - 1;2;1;3;7300;0;0;0;0;0;;;13:11;Group Stage;Group A;PH;;;
KWC26_GS_M20_G2;04/08/2026;Red;Lose;Goldenk1te;Farmlane;Erin;Liang;Flash;Blacklist Intl.;Team Vitality;1 - 1;3;2;1;9800;0;0;0;0;0;;;13:11;Group Stage;Group A;PH;;;
KWC26_GS_M20_G2;04/08/2026;Red;Lose;Chazz;Roamer;Mozi;;Flash;Blacklist Intl.;Team Vitality;1 - 1;0;1;5;6200;0;0;0;0;0;;;13:11;Group Stage;Group A;PH;;;
KWC26_GS_M20_G2;04/08/2026;Blue;Win;Bal;Clashlane;Guan Yu;Lapu lapu;Sprint;Team Vitality;Blacklist Intl.;1 - 1;3;1;2;9500;2;1;0;0;1;;;13:11;Group Stage;Group A;ID;;;
KWC26_GS_M20_G2;04/08/2026;Blue;Win;ZhanQ;Jungler;Jing;Pei;Smite;Team Vitality;Blacklist Intl.;1 - 1;2;1;5;11100;2;1;0;0;1;;;13:11;Group Stage;Group A;ID;;;
KWC26_GS_M20_G2;04/08/2026;Blue;Win;JenMyth;Midlane;Yu Huan;Annette;Flash;Team Vitality;Blacklist Intl.;1 - 1;0;1;6;9000;2;1;0;0;1;;;13:11;Group Stage;Group A;ID;;;
KWC26_GS_M20_G2;04/08/2026;Blue;Win;LanFeng;Farmlane;Chicha;Dyadia;Frenzy;Team Vitality;Blacklist Intl.;1 - 1;4;2;2;10400;2;1;0;0;1;;;13:11;Group Stage;Group A;ID;;;
KWC26_GS_M20_G2;04/08/2026;Blue;Win;F1;Roamer;Dolia;;Flash;Team Vitality;Blacklist Intl.;1 - 1;0;0;8;6300;2;1;0;0;1;;;13:11;Group Stage;Group A;ID;;;
KWC26_GS_M20_G3;04/08/2026;Blue;Lose;Chammy1;Clashlane;Dharma;Florentino;Flash;Blacklist Intl.;Team Vitality;1 - 2;1;2;3;11300;1;2;0;1;1;;;18:20;Group Stage;Group A;PH;;;
KWC26_GS_M20_G3;04/08/2026;Blue;Lose;Juschie;Jungler;Jing;Liang;Smite;Blacklist Intl.;Team Vitality;1 - 2;1;2;0;15700;1;2;0;1;1;;;18:20;Group Stage;Group A;PH;;;
KWC26_GS_M20_G3;04/08/2026;Blue;Lose;Dragon;Midlane;Xiao Qiao;Augran;Flash;Blacklist Intl.;Team Vitality;1 - 2;2;1;1;9300;1;2;0;1;1;;;18:20;Group Stage;Group A;PH;;;
KWC26_GS_M20_G3;04/08/2026;Blue;Lose;Goldenk1te;Farmlane;Chano;Nezha;Flash;Blacklist Intl.;Team Vitality;1 - 2;0;1;1;13300;1;2;0;1;1;;;18:20;Group Stage;Group A;PH;;;
KWC26_GS_M20_G3;04/08/2026;Blue;Lose;Chazz;Roamer;Zhang Fei;;Heal;Blacklist Intl.;Team Vitality;1 - 2;0;1;2;8100;1;2;0;1;1;;;18:20;Group Stage;Group A;PH;;;
KWC26_GS_M20_G3;04/08/2026;Red;Win;Bal;Clashlane;Fatih;Guan Yu;Flash;Team Vitality;Blacklist Intl.;2 - 1;0;3;5;13700;1;0;0;0;1;;;18:20;Group Stage;Group A;ID;;;
KWC26_GS_M20_G3;04/08/2026;Red;Win;ZhanQ;Jungler;Kaizer;Pei;Smite;Team Vitality;Blacklist Intl.;2 - 1;1;0;5;12600;1;0;0;0;1;;;18:20;Group Stage;Group A;ID;;;
KWC26_GS_M20_G3;04/08/2026;Red;Win;JenMyth;Midlane;Lorion;Musashi;Flash;Team Vitality;Blacklist Intl.;2 - 1;2;0;5;12300;1;0;0;0;1;;;18:20;Group Stage;Group A;ID;;;
KWC26_GS_M20_G3;04/08/2026;Red;Win;LanFeng;Farmlane;Ao Yin;Ukyo Tachibana;Flash;Team Vitality;Blacklist Intl.;2 - 1;3;0;3;14100;1;0;0;0;1;;;18:20;Group Stage;Group A;ID;;;
KWC26_GS_M20_G3;04/08/2026;Red;Win;F1;Roamer;Dyadia;;Flash;Team Vitality;Blacklist Intl.;2 - 1;1;1;6;10700;1;0;0;0;1;;;18:20;Group Stage;Group A;ID;;;
KWC26_PO_M01_G1;05/08/2026;Red;Win;GuiYu;Clashlane;Charlotte;Lorion;Flash;Geekay Esports;Team Nemesis;1 - 0;0;1;5;9400;2;0;0;1;1;;;12:52;Playoffs;Quartefinals;MY;;;
KWC26_PO_M01_G1;05/08/2026;Red;Win;MusangKing;Jungler;Menki;Dyadia;Smite;Geekay Esports;Team Nemesis;1 - 0;4;0;5;9400;2;0;0;1;1;;;12:52;Playoffs;Quartefinals;MY;;;
KWC26_PO_M01_G1;05/08/2026;Red;Win;Shisan;Midlane;Garuda;Luna;Flash;Geekay Esports;Team Nemesis;1 - 0;5;0;4;8900;2;0;0;1;1;;;12:52;Playoffs;Quartefinals;MY;;;
KWC26_PO_M01_G1;05/08/2026;Red;Win;Jem;Farmlane;Flowborn(FL);Guan Yu;Flash;Geekay Esports;Team Nemesis;1 - 0;3;2;7;10400;2;0;0;1;1;;;12:52;Playoffs;Quartefinals;MY;;;
KWC26_PO_M01_G1;05/08/2026;Red;Win;Zhe;Roamer;Zhang Fei;;Stun;Geekay Esports;Team Nemesis;1 - 0;0;2;7;6600;2;0;0;1;1;;;12:52;Playoffs;Quartefinals;MY;;;
KWC26_PO_M01_G1;05/08/2026;Blue;Lose;Tufz;Clashlane;Dharma;Pei;Flash;Team Nemesis;Geekay Esports;0 - 1;0;4;1;7100;0;1;0;0;0;;;12:52;Playoffs;Quartefinals;ID;;;
KWC26_PO_M01_G1;05/08/2026;Blue;Lose;TianX;Jungler;Ukyo Tachibana;Jing;Smite;Team Nemesis;Geekay Esports;0 - 1;2;1;2;10800;0;1;0;0;0;;;12:52;Playoffs;Quartefinals;ID;;;
KWC26_PO_M01_G1;05/08/2026;Blue;Lose;JerL;Midlane;Haya;Agudo;Flash;Team Nemesis;Geekay Esports;0 - 1;1;1;2;6700;0;1;0;0;0;;;12:52;Playoffs;Quartefinals;ID;;;
KWC26_PO_M01_G1;05/08/2026;Blue;Lose;CC;Farmlane;Ao Yin;Nuwa;Flash;Team Nemesis;Geekay Esports;0 - 1;2;2;1;8300;0;1;0;0;0;;;12:52;Playoffs;Quartefinals;ID;;;
KWC26_PO_M01_G1;05/08/2026;Blue;Lose;eL;Roamer;Lapu lapu;;Flash;Team Nemesis;Geekay Esports;0 - 1;0;4;3;5100;0;1;0;0;0;;;12:52;Playoffs;Quartefinals;ID;;;
KWC26_PO_M01_G2;05/08/2026;Blue;Win;GuiYu;Clashlane;Dharma;Guan Yu;Flash;Geekay Esports;Team Nemesis;2 - 0;2;3;7;8000;2;1;0;1;0;37400;43100;11:53;Playoffs;Quartefinals;MY;;;
KWC26_PO_M01_G2;05/08/2026;Blue;Win;MusangKing;Jungler;Pei;Mai Shiranui;Smite;Geekay Esports;Team Nemesis;2 - 0;4;1;8;10900;2;1;0;1;0;44700;21900;11:53;Playoffs;Quartefinals;MY;;;
KWC26_PO_M01_G2;05/08/2026;Blue;Win;Shisan;Midlane;Lorion;Biron;Flash;Geekay Esports;Team Nemesis;2 - 0;3;0;6;7600;2;1;0;1;0;51800;21000;11:53;Playoffs;Quartefinals;MY;;;
KWC26_PO_M01_G2;05/08/2026;Blue;Win;Jem;Farmlane;Chano;Liu Bang;Flash;Geekay Esports;Team Nemesis;2 - 0;6;0;5;12100;2;1;0;1;0;82300;15700;11:53;Playoffs;Quartefinals;MY;;;
KWC26_PO_M01_G2;05/08/2026;Blue;Win;Zhe;Roamer;Lian Po;;Flash;Geekay Esports;Team Nemesis;2 - 0;0;2;13;6500;2;1;0;1;0;37200;63500;11:53;Playoffs;Quartefinals;MY;;;
KWC26_PO_M01_G2;05/08/2026;Red;Lose;Tufz;Clashlane;Bai Qi;Ao Yin;Flash;Team Nemesis;Geekay Esports;0 - 2;0;5;2;5800;0;0;0;0;1;21100;85000;11:53;Playoffs;Quartefinals;ID;;;
KWC26_PO_M01_G2;05/08/2026;Red;Lose;TianX;Jungler;Jing;Liang;Smite;Team Nemesis;Geekay Esports;0 - 2;1;1;3;9500;0;0;0;0;1;40400;39500;11:53;Playoffs;Quartefinals;ID;;;
KWC26_PO_M01_G2;05/08/2026;Red;Lose;JerL;Midlane;Angela;Lapu lapu;Flash;Team Nemesis;Geekay Esports;0 - 2;3;2;0;6800;0;0;0;0;1;22200;28500;11:53;Playoffs;Quartefinals;ID;;;
KWC26_PO_M01_G2;05/08/2026;Red;Lose;CC;Farmlane;Arli;Annette;Frenzy;Team Nemesis;Geekay Esports;0 - 2;2;3;4;8400;0;0;0;0;1;59000;45100;11:53;Playoffs;Quartefinals;ID;;;
KWC26_PO_M01_G2;05/08/2026;Red;Lose;eL;Roamer;Dyadia;;Flash;Team Nemesis;Geekay Esports;0 - 2;0;4;5;5700;0;0;0;0;1;22300;55200;11:53;Playoffs;Quartefinals;ID;;;
KWC26_PO_M01_G3;05/08/2026;Red;Win;GuiYu;Clashlane;Guan Yu;Pei;Sprint;Geekay Esports;Team Nemesis;3 - 0;1;4;9;9900;2;1;0;0;0;56200;48300;12:59;Playoffs;Quartefinals;MY;;;
KWC26_PO_M01_G3;05/08/2026;Red;Win;MusangKing;Jungler;Augran;Lorion;Smite;Geekay Esports;Team Nemesis;3 - 0;9;0;6;12600;2;1;0;0;0;176500;98100;12:59;Playoffs;Quartefinals;MY;;;
KWC26_PO_M01_G3;05/08/2026;Red;Win;Shisan;Midlane;Ziya;Agudo;Flash;Geekay Esports;Team Nemesis;3 - 0;1;1;8;8300;2;1;0;0;0;128100;17600;12:59;Playoffs;Quartefinals;MY;;;
KWC26_PO_M01_G3;05/08/2026;Red;Win;Jem;Farmlane;Arli;Luna;Frenzy;Geekay Esports;Team Nemesis;3 - 0;3;1;5;11400;2;1;0;0;0;102900;31800;12:59;Playoffs;Quartefinals;MY;;;
KWC26_PO_M01_G3;05/08/2026;Red;Win;Zhe;Roamer;Annette;;Flash;Geekay Esports;Team Nemesis;3 - 0;1;1;12;7200;2;1;0;0;0;55700;48400;12:59;Playoffs;Quartefinals;MY;;;
KWC26_PO_M01_G3;05/08/2026;Blue;Lose;Tufz;Clashlane;Biron;Ao Yin;Flash;Team Nemesis;Geekay Esports;0 - 3;1;1;3;7200;0;0;0;0;0;30400;102500;12:59;Playoffs;Quartefinals;ID;;;
KWC26_PO_M01_G3;05/08/2026;Blue;Lose;TianX;Jungler;Ying;Liang;Smite;Team Nemesis;Geekay Esports;0 - 3;1;6;4;8300;0;0;0;0;0;38400;98100;12:59;Playoffs;Quartefinals;ID;;;
KWC26_PO_M01_G3;05/08/2026;Blue;Lose;JerL;Midlane;Heino;Fatih;Flash;Team Nemesis;Geekay Esports;0 - 3;1;1;2;7300;0;0;0;0;0;64100;76300;12:59;Playoffs;Quartefinals;ID;;;
KWC26_PO_M01_G3;05/08/2026;Blue;Lose;CC;Farmlane;Chicha;Devara;Flash;Team Nemesis;Geekay Esports;0 - 3;4;3;2;9900;0;0;0;0;0;92100;83300;12:59;Playoffs;Quartefinals;ID;;;
KWC26_PO_M01_G3;05/08/2026;Blue;Lose;eL;Roamer;Zhang Fei;;Heal;Team Nemesis;Geekay Esports;0 - 3;0;4;6;5900;0;0;0;0;0;19300;141200;12:59;Playoffs;Quartefinals;ID;;;
KWC26_PO_M01_G4;05/08/2026;Blue;Lose;GuiYu;Clashlane;Umbrosa;Pei;Flash;Geekay Esports;Team Nemesis;3 - 1;2;4;4;9400;1;0;0;0;0;;;14:42;Playoffs;Quartefinals;MY;;;
KWC26_PO_M01_G4;05/08/2026;Blue;Lose;MusangKing;Jungler;Ata;Luna;Smite;Geekay Esports;Team Nemesis;3 - 1;1;1;5;9100;1;0;0;0;0;;;14:42;Playoffs;Quartefinals;MY;;;
KWC26_PO_M01_G4;05/08/2026;Blue;Lose;Shisan;Midlane;Yu Huan;Flowborn(FL);Flash;Geekay Esports;Team Nemesis;3 - 1;0;1;7;8800;1;0;0;0;0;;;14:42;Playoffs;Quartefinals;MY;;;
KWC26_PO_M01_G4;05/08/2026;Blue;Lose;Jem;Farmlane;Ao Yin;Chano;Flash;Geekay Esports;Team Nemesis;3 - 1;5;3;1;10800;1;0;0;0;0;;;14:42;Playoffs;Quartefinals;MY;;;
KWC26_PO_M01_G4;05/08/2026;Blue;Lose;Zhe;Roamer;Lapu lapu;;Flash;Geekay Esports;Team Nemesis;3 - 1;0;5;6;7000;1;0;0;0;0;;;14:42;Playoffs;Quartefinals;MY;;;
KWC26_PO_M01_G4;05/08/2026;Red;Win;Tufz;Clashlane;Guan Yu;Haya;Sprint;Team Nemesis;Geekay Esports;1 - 3;1;2;8;10000;1;1;0;0;1;;;14:42;Playoffs;Quartefinals;ID;;;
KWC26_PO_M01_G4;05/08/2026;Red;Win;TianX;Jungler;Dun;Dolia;Smite;Team Nemesis;Geekay Esports;1 - 3;2;4;10;9800;1;1;0;0;1;;;14:42;Playoffs;Quartefinals;ID;;;
KWC26_PO_M01_G4;05/08/2026;Red;Win;JerL;Midlane;Mai Shiranui;Devara;Flash;Team Nemesis;Geekay Esports;1 - 3;5;1;8;10400;1;1;0;0;1;;;14:42;Playoffs;Quartefinals;ID;;;
KWC26_PO_M01_G4;05/08/2026;Red;Win;CC;Farmlane;Erin;Nezha;Flash;Team Nemesis;Geekay Esports;1 - 3;3;0;8;12700;1;1;0;0;1;;;14:42;Playoffs;Quartefinals;ID;;;
KWC26_PO_M01_G4;05/08/2026;Red;Win;eL;Roamer;Annette;;Flash;Team Nemesis;Geekay Esports;1 - 3;3;1;11;7900;1;1;0;0;1;;;14:42;Playoffs;Quartefinals;ID;;;
KWC26_PO_M01_G5;05/08/2026;Red;Win;GuiYu;Clashlane;Biron;Lorion;Flash;Geekay Esports;Team Nemesis;4 - 1;4;2;7;9700;2;1;0;0;0;44700;74300;12:22;Playoffs;Quartefinals;MY;;;
KWC26_PO_M01_G5;05/08/2026;Red;Win;MusangKing;Jungler;Jing;Flowborn(FL);Smite;Geekay Esports;Team Nemesis;4 - 1;6;4;5;10700;2;1;0;0;0;51800;41500;12:22;Playoffs;Quartefinals;MY;;;
KWC26_PO_M01_G5;05/08/2026;Red;Win;Shisan;Midlane;Wang Zhaojun;Umbrosa;Flash;Geekay Esports;Team Nemesis;4 - 1;5;2;8;7500;2;1;0;0;0;53500;30600;12:22;Playoffs;Quartefinals;MY;;;
KWC26_PO_M01_G5;05/08/2026;Red;Win;Jem;Farmlane;Erin;Kaizer;Flash;Geekay Esports;Team Nemesis;4 - 1;0;2;7;10100;2;1;0;0;0;53600;29100;12:22;Playoffs;Quartefinals;MY;;;
KWC26_PO_M01_G5;05/08/2026;Red;Win;Zhe;Roamer;Liang;;Flash;Geekay Esports;Team Nemesis;4 - 1;2;1;13;6500;2;1;0;0;0;31500;34200;12:22;Playoffs;Quartefinals;MY;;;
KWC26_PO_M01_G5;05/08/2026;Blue;Lose;Tufz;Clashlane;Sun Ce;Mai Shiranui;Flash;Team Nemesis;Geekay Esports;1 - 4;1;4;5;5800;0;0;0;0;0;24400;47000;12:22;Playoffs;Quartefinals;ID;;;
KWC26_PO_M01_G5;05/08/2026;Blue;Lose;TianX;Jungler;Luna;Chicha;Smite;Team Nemesis;Geekay Esports;1 - 4;2;5;5;9700;0;0;0;0;0;48300;57800;12:22;Playoffs;Quartefinals;ID;;;
KWC26_PO_M01_G5;05/08/2026;Blue;Lose;JerL;Midlane;Xiao Qiao;Bai Qi;Flash;Team Nemesis;Geekay Esports;1 - 4;2;2;6;5500;0;0;0;0;0;40000;28700;12:22;Playoffs;Quartefinals;ID;;;
KWC26_PO_M01_G5;05/08/2026;Blue;Lose;CC;Farmlane;Chano;Liu Bang;Flash;Team Nemesis;Geekay Esports;1 - 4;6;2;2;9100;0;0;0;0;0;74100;30900;12:22;Playoffs;Quartefinals;ID;;;
KWC26_PO_M01_G5;05/08/2026;Blue;Lose;eL;Roamer;Kui;;Flash;Team Nemesis;Geekay Esports;1 - 4;0;4;8;5100;0;0;0;0;0;22800;70600;12:22;Playoffs;Quartefinals;ID;;;
KWC26_PO_M02_G1;05/08/2026;Blue;Win;Xuan;Clashlane;Dharma;Annette;Flash;ROC Esports;Team Vitality;1 - 0;0;1;8;10200;2;2;0;0;1;29300;45400;14:44;Playoffs;Quartefinals;MY;;;
KWC26_PO_M02_G1;05/08/2026;Blue;Win;KongLing;Jungler;Ukyo Tachibana;Jing;Smite;ROC Esports;Team Vitality;1 - 0;6;0;3;13200;2;2;0;0;1;70000;39800;14:44;Playoffs;Quartefinals;MY;;;
KWC26_PO_M02_G1;05/08/2026;Blue;Win;Wendy;Midlane;Ziya;Luna;Flash;ROC Esports;Team Vitality;1 - 0;3;0;7;10000;2;2;0;0;1;126700;19500;14:44;Playoffs;Quartefinals;MY;;;
KWC26_PO_M02_G1;05/08/2026;Blue;Win;Muci;Farmlane;Chicha;Menki;Flash;ROC Esports;Team Vitality;1 - 0;2;0;7;11200;2;2;0;0;1;68900;46500;14:44;Playoffs;Quartefinals;MY;;;
KWC26_PO_M02_G1;05/08/2026;Blue;Win;Weipit;Roamer;Lapu lapu;;Flash;ROC Esports;Team Vitality;1 - 0;1;0;10;7600;2;2;0;0;1;22800;66100;14:44;Playoffs;Quartefinals;MY;;;
KWC26_PO_M02_G1;05/08/2026;Red;Lose;Bal;Clashlane;Florentino;Pei;Flash;Team Vitality;ROC Esports;0 - 1;0;5;0;8900;0;0;0;1;0;44800;78000;14:44;Playoffs;Quartefinals;ID;;;
KWC26_PO_M02_G1;05/08/2026;Red;Lose;ZhanQ;Jungler;Kaizer;Ao Yin;Smite;Team Vitality;ROC Esports;0 - 1;0;2;0;8100;0;0;0;1;0;28200;93100;14:44;Playoffs;Quartefinals;ID;;;
KWC26_PO_M02_G1;05/08/2026;Red;Lose;JenMyth;Midlane;Garuda;Haya;Flash;Team Vitality;ROC Esports;0 - 1;0;1;1;8800;0;0;0;1;0;87100;41800;14:44;Playoffs;Quartefinals;ID;;;
KWC26_PO_M02_G1;05/08/2026;Red;Lose;LanFeng;Farmlane;Arli;Xiao Qiao;Frenzy;Team Vitality;ROC Esports;0 - 1;1;2;0;10000;0;0;0;1;0;39600;39200;14:44;Playoffs;Quartefinals;ID;;;
KWC26_PO_M02_G1;05/08/2026;Red;Lose;F1;Roamer;Dyadia;;Flash;Team Vitality;ROC Esports;0 - 1;0;2;1;7100;0;0;0;1;0;17600;65600;14:44;Playoffs;Quartefinals;ID;;;
KWC26_PO_M02_G2;05/08/2026;Red;Win;Xuan;Clashlane;Biron;Pei;Flash;ROC Esports;Team Vitality;2 - 0;0;0;3;7700;1;1;0;1;0;26200;42300;10:53;Playoffs;Quartefinals;MY;;;
KWC26_PO_M02_G2;05/08/2026;Red;Win;KongLing;Jungler;Agudo;Lapu lapu;Smite;ROC Esports;Team Vitality;2 - 0;4;0;3;9700;1;1;0;1;0;52200;36400;10:53;Playoffs;Quartefinals;MY;;;
KWC26_PO_M02_G2;05/08/2026;Red;Win;Wendy;Midlane;Angela;Guan Yu;Flash;ROC Esports;Team Vitality;2 - 0;2;1;4;8000;1;1;0;1;0;38000;18300;10:53;Playoffs;Quartefinals;MY;;;
KWC26_PO_M02_G2;05/08/2026;Red;Win;Muci;Farmlane;Ao Yin;Luna;Flash;ROC Esports;Team Vitality;2 - 0;3;0;4;8500;1;1;0;1;0;47200;19800;10:53;Playoffs;Quartefinals;MY;;;
KWC26_PO_M02_G2;05/08/2026;Red;Win;Weipit;Roamer;Lian Po;;Flash;ROC Esports;Team Vitality;2 - 0;0;0;8;5600;1;1;0;1;0;31900;52200;10:53;Playoffs;Quartefinals;MY;;;
KWC26_PO_M02_G2;05/08/2026;Blue;Lose;Bal;Clashlane;Charlotte;Lorion;Flash;Team Vitality;ROC Esports;0 - 2;1;3;0;6500;1;0;0;0;0;37200;40000;10:53;Playoffs;Quartefinals;ID;;;
KWC26_PO_M02_G2;05/08/2026;Blue;Lose;ZhanQ;Jungler;Musashi;Mozi;Smite;Team Vitality;ROC Esports;0 - 2;0;0;0;7000;1;0;0;0;0;29200;31200;10:53;Playoffs;Quartefinals;ID;;;
KWC26_PO_M02_G2;05/08/2026;Blue;Lose;JenMyth;Midlane;Haya;Garuda;Flash;Team Vitality;ROC Esports;0 - 2;0;3;1;4900;1;0;0;0;0;44600;32400;10:53;Playoffs;Quartefinals;ID;;;
KWC26_PO_M02_G2;05/08/2026;Blue;Lose;LanFeng;Farmlane;Chano;Nuwa;Flash;Team Vitality;ROC Esports;0 - 2;0;1;0;6800;1;0;0;0;0;33600;25500;10:53;Playoffs;Quartefinals;ID;;;
KWC26_PO_M02_G2;05/08/2026;Blue;Lose;F1;Roamer;Zhang Fei;;Heal;Team Vitality;ROC Esports;0 - 2;0;2;1;4400;1;0;0;0;0;10300;66400;10:53;Playoffs;Quartefinals;ID;;;
KWC26_PO_M02_G3;05/08/2026;Blue;Win;Xuan;Clashlane;Guan Yu;Ao Yin;Sprint;ROC Esports;Team Vitality;3 - 0;5;4;12;17000;1;0;1;0;1;130400;124500;25:23;Playoffs;Quartefinals;MY;;;
KWC26_PO_M02_G3;05/08/2026;Blue;Win;KongLing;Jungler;Luna;Chicha;Smite;ROC Esports;Team Vitality;3 - 0;7;6;9;18300;1;0;1;0;1;149600;155400;25:23;Playoffs;Quartefinals;MY;;;
KWC26_PO_M02_G3;05/08/2026;Blue;Win;Wendy;Midlane;Yu Huan;Lorion;Flash;ROC Esports;Team Vitality;3 - 0;0;7;18;13000;1;0;1;0;1;102300;160600;25:23;Playoffs;Quartefinals;MY;;;
KWC26_PO_M02_G3;05/08/2026;Blue;Win;Muci;Farmlane;Chano;Mai Shiranui;Flash;ROC Esports;Team Vitality;3 - 0;11;2;9;18800;1;0;1;0;1;216700;97000;25:23;Playoffs;Quartefinals;MY;;;
KWC26_PO_M02_G3;05/08/2026;Blue;Win;Weipit;Roamer;Dyadia;;Flash;ROC Esports;Team Vitality;3 - 0;0;4;15;12600;1;0;1;0;1;87900;145200;25:23;Playoffs;Quartefinals;MY;;;
KWC26_PO_M02_G3;05/08/2026;Red;Lose;Bal;Clashlane;Dharma;Pei;Flash;Team Vitality;ROC Esports;0 - 3;3;4;8;14500;1;2;1;0;1;69900;138400;25:23;Playoffs;Quartefinals;ID;;;
KWC26_PO_M02_G3;05/08/2026;Red;Lose;ZhanQ;Jungler;Jing;Zhang Fei;Smite;Team Vitality;ROC Esports;0 - 3;4;4;9;21600;1;2;1;0;1;151500;140500;25:23;Playoffs;Quartefinals;ID;;;
KWC26_PO_M02_G3;05/08/2026;Red;Lose;JenMyth;Midlane;Xiao Qiao;Ata;Flash;Team Vitality;ROC Esports;0 - 3;2;8;14;13500;1;2;1;0;1;142100;106900;25:23;Playoffs;Quartefinals;ID;;;
KWC26_PO_M02_G3;05/08/2026;Red;Lose;LanFeng;Farmlane;Erin;Haya;Flash;Team Vitality;ROC Esports;0 - 3;12;6;7;18600;1;2;1;0;1;267000;132800;25:23;Playoffs;Quartefinals;ID;;;
KWC26_PO_M02_G3;05/08/2026;Red;Lose;F1;Roamer;Lapu lapu;;Flash;Team Vitality;ROC Esports;0 - 3;2;1;19;13500;1;2;1;0;1;52200;168400;25:23;Playoffs;Quartefinals;ID;;;
KWC26_PO_M02_G4;05/08/2026;Red;Lose;Xuan;Clashlane;Umbrosa;Ao Yin;Flash;ROC Esports;Team Vitality;3 - 1;7;4;7;16600;1;2;0;1;0;;;23:49;Playoffs;Quartefinals;MY;;;
KWC26_PO_M02_G4;05/08/2026;Red;Lose;KongLing;Jungler;Flowborn(JG);Pei;Smite;ROC Esports;Team Vitality;3 - 1;2;5;9;12100;1;2;0;1;0;;;23:49;Playoffs;Quartefinals;MY;;;
KWC26_PO_M02_G4;05/08/2026;Red;Lose;Wendy;Midlane;Lorion;Augran;Flash;ROC Esports;Team Vitality;3 - 1;4;6;7;13500;1;2;0;1;0;;;23:49;Playoffs;Quartefinals;MY;;;
KWC26_PO_M02_G4;05/08/2026;Red;Lose;Muci;Farmlane;Erin;Menki;Flash;ROC Esports;Team Vitality;3 - 1;5;4;6;17600;1;2;0;1;0;;;23:49;Playoffs;Quartefinals;MY;;;
KWC26_PO_M02_G4;05/08/2026;Red;Lose;Weipit;Roamer;Mozi;;Flash;ROC Esports;Team Vitality;3 - 1;2;5;12;10800;1;2;0;1;0;;;23:49;Playoffs;Quartefinals;MY;;;
KWC26_PO_M02_G4;05/08/2026;Blue;Win;Bal;Clashlane;Guan Yu;Zhang Fei;Sprint;Team Vitality;ROC Esports;1 - 3;2;6;14;13800;0;0;1;0;2;;;23:49;Playoffs;Quartefinals;ID;;;
KWC26_PO_M02_G4;05/08/2026;Blue;Win;ZhanQ;Jungler;Ying;Haya;Smite;Team Vitality;ROC Esports;1 - 3;4;6;17;16200;0;0;1;0;2;;;23:49;Playoffs;Quartefinals;ID;;;
KWC26_PO_M02_G4;05/08/2026;Blue;Win;JenMyth;Midlane;Ziya;Charlotte;Flash;Team Vitality;ROC Esports;1 - 3;5;1;12;13200;0;0;1;0;2;;;23:49;Playoffs;Quartefinals;ID;;;
KWC26_PO_M02_G4;05/08/2026;Blue;Win;LanFeng;Farmlane;Chicha;Heino;Frenzy;Team Vitality;ROC Esports;1 - 3;12;3;5;18300;0;0;1;0;2;;;23:49;Playoffs;Quartefinals;ID;;;
KWC26_PO_M02_G4;05/08/2026;Blue;Win;F1;Roamer;Annette;;Flash;Team Vitality;ROC Esports;1 - 3;1;4;21;12600;0;0;1;0;2;;;23:49;Playoffs;Quartefinals;ID;;;
KWC26_PO_M02_G5;05/08/2026;Red;Win;Xuan;Clashlane;Charlotte;Ao Yin;Flash;ROC Esports;Team Vitality;4 - 1;1;0;3;12000;2;1;0;0;2;58300;46400;16:39;Playoffs;Quartefinals;MY;;;
KWC26_PO_M02_G5;05/08/2026;Red;Win;KongLing;Jungler;Augran;Pei;Smite;ROC Esports;Team Vitality;4 - 1;2;0;2;11300;2;1;0;0;2;73200;66500;16:39;Playoffs;Quartefinals;MY;;;
KWC26_PO_M02_G5;05/08/2026;Red;Win;Wendy;Midlane;Haya;Flowborn(FL);Flash;ROC Esports;Team Vitality;4 - 1;5;0;3;12500;2;1;0;0;2;121000;32100;16:39;Playoffs;Quartefinals;MY;;;
KWC26_PO_M02_G5;05/08/2026;Red;Win;Muci;Farmlane;Arli;Shouyue;Frenzy;ROC Esports;Team Vitality;4 - 1;1;1;5;12300;2;1;0;0;2;59300;40900;16:39;Playoffs;Quartefinals;MY;;;
KWC26_PO_M02_G5;05/08/2026;Red;Win;Weipit;Roamer;Annette;;Flash;ROC Esports;Team Vitality;4 - 1;0;0;7;7900;2;1;0;0;2;59900;50600;16:39;Playoffs;Quartefinals;MY;;;
KWC26_PO_M02_G5;05/08/2026;Blue;Lose;Bal;Clashlane;Fatih;Zhang Fei;Flash;Team Vitality;ROC Esports;1 - 4;0;1;0;9600;0;0;0;0;0;41300;75200;16:39;Playoffs;Quartefinals;ID;;;
KWC26_PO_M02_G5;05/08/2026;Blue;Lose;ZhanQ;Jungler;Ata;Mai Shiranui;Smite;Team Vitality;ROC Esports;1 - 4;0;4;0;8800;0;0;0;0;0;20700;109300;16:39;Playoffs;Quartefinals;ID;;;
KWC26_PO_M02_G5;05/08/2026;Blue;Lose;JenMyth;Midlane;Angela;Bai Qi;Flash;Team Vitality;ROC Esports;1 - 4;1;0;0;9400;0;0;0;0;0;67800;57900;16:39;Playoffs;Quartefinals;ID;;;
KWC26_PO_M02_G5;05/08/2026;Blue;Lose;LanFeng;Farmlane;Di Renjie;Menki;Flash;Team Vitality;ROC Esports;1 - 4;0;2;0;11200;0;0;0;0;0;63100;58300;16:39;Playoffs;Quartefinals;ID;;;
KWC26_PO_M02_G5;05/08/2026;Blue;Lose;F1;Roamer;Mozi;;Flash;Team Vitality;ROC Esports;1 - 4;0;2;1;7200;0;0;0;0;0;43700;71000;16:39;Playoffs;Quartefinals;ID;;;
KWC26_PO_M03_G1;06/08/2026;Blue;Win;silence;Clashlane;Charlotte;Jing;Flash;Kuaishou Gaming;Virtus.pro;1 - 0;3;0;7;9800;1;1;0;0;0;65500;37900;12:34;Playoffs;Quartefinals;CN;;;
KWC26_PO_M03_G1;06/08/2026;Blue;Win;JuHao;Jungler;Kaizer;Mai Shiranui;Smite;Kuaishou Gaming;Virtus.pro;1 - 0;4;0;6;9800;1;1;0;0;0;41400;31500;12:34;Playoffs;Quartefinals;CN;;;
KWC26_PO_M03_G1;06/08/2026;Blue;Win;LiuLang;Midlane;Lorion;Garuda;Flash;Kuaishou Gaming;Virtus.pro;1 - 0;0;0;7;7700;1;1;0;0;0;79800;16500;12:34;Playoffs;Quartefinals;CN;;;
KWC26_PO_M03_G1;06/08/2026;Blue;Win;Yu;Farmlane;Ao Yin;Nuwa;Flash;Kuaishou Gaming;Virtus.pro;1 - 0;5;1;3;10600;1;1;0;0;0;62100;26700;12:34;Playoffs;Quartefinals;CN;;;
KWC26_PO_M03_G1;06/08/2026;Blue;Win;LFF;Roamer;Lapu lapu;;Flash;Kuaishou Gaming;Virtus.pro;1 - 0;0;1;9;5600;1;1;0;0;0;19500;42700;12:34;Playoffs;Quartefinals;CN;;;
KWC26_PO_M03_G1;06/08/2026;Red;Lose;Nighty;Clashlane;Biron;Dyadia;Flash;Virtus.pro;Kuaishou Gaming;0 - 1;0;4;1;6500;1;0;0;0;0;31400;83000;12:34;Playoffs;Quartefinals;RU;;;
KWC26_PO_M03_G1;06/08/2026;Red;Lose;JiaBao;Jungler;Zilong;Pei;Smite;Virtus.pro;Kuaishou Gaming;0 - 1;0;2;2;9800;1;0;0;0;0;37800;49100;12:34;Playoffs;Quartefinals;RU;;;
KWC26_PO_M03_G1;06/08/2026;Red;Lose;hai1ang;Midlane;Angela;Nezha;Flash;Virtus.pro;Kuaishou Gaming;0 - 1;2;3;0;5800;1;0;0;0;0;20000;38500;12:34;Playoffs;Quartefinals;RU;;;
KWC26_PO_M03_G1;06/08/2026;Red;Lose;Tgold;Farmlane;Chano;Lu Bu;Flash;Virtus.pro;Kuaishou Gaming;0 - 1;0;2;1;8000;1;0;0;0;0;46700;31500;12:34;Playoffs;Quartefinals;RU;;;
KWC26_PO_M03_G1;06/08/2026;Red;Lose;Clue;Roamer;Zhang Fei;;Heal;Virtus.pro;Kuaishou Gaming;0 - 1;0;1;2;5300;1;0;0;0;0;19300;66200;12:34;Playoffs;Quartefinals;RU;;;
KWC26_PO_M03_G2;06/08/2026;Red;Win;silence;Clashlane;Florentino;Lapu lapu;Flash;Kuaishou Gaming;Virtus.pro;2 - 0;3;0;7;8000;1;1;0;1;0;;;11:01;Playoffs;Quartefinals;CN;;;
KWC26_PO_M03_G2;06/08/2026;Red;Win;JuHao;Jungler;Pei;Dyadia;Smite;Kuaishou Gaming;Virtus.pro;2 - 0;5;0;6;10200;1;1;0;1;0;;;11:01;Playoffs;Quartefinals;CN;;;
KWC26_PO_M03_G2;06/08/2026;Red;Win;LiuLang;Midlane;Mai Shiranui;Flowborn(JG);Flash;Kuaishou Gaming;Virtus.pro;2 - 0;1;1;9;7400;1;1;0;1;0;;;11:01;Playoffs;Quartefinals;CN;;;
KWC26_PO_M03_G2;06/08/2026;Red;Win;Yu;Farmlane;Chicha;Yu Huan;Frenzy;Kuaishou Gaming;Virtus.pro;2 - 0;4;1;3;8900;1;1;0;1;0;;;11:01;Playoffs;Quartefinals;CN;;;
KWC26_PO_M03_G2;06/08/2026;Red;Win;LFF;Roamer;Lian Po;;Flash;Kuaishou Gaming;Virtus.pro;2 - 0;0;2;8;5200;1;1;0;1;0;;;11:01;Playoffs;Quartefinals;CN;;;
KWC26_PO_M03_G2;06/08/2026;Blue;Lose;Nighty;Clashlane;Guan Yu;Liang;Sprint;Virtus.pro;Kuaishou Gaming;0 - 2;1;1;3;6800;1;0;0;0;0;;;11:01;Playoffs;Quartefinals;RU;;;
KWC26_PO_M03_G2;06/08/2026;Blue;Lose;JiaBao;Jungler;Augran;Haya;Smite;Virtus.pro;Kuaishou Gaming;0 - 2;1;2;3;7700;1;0;0;0;0;;;11:01;Playoffs;Quartefinals;RU;;;
KWC26_PO_M03_G2;06/08/2026;Blue;Lose;hai1ang;Midlane;Heino;Annette;Purify;Virtus.pro;Kuaishou Gaming;0 - 2;2;2;1;6300;1;0;0;0;0;;;11:01;Playoffs;Quartefinals;RU;;;
KWC26_PO_M03_G2;06/08/2026;Blue;Lose;Tgold;Farmlane;Arli;Jing;Frenzy;Virtus.pro;Kuaishou Gaming;0 - 2;0;5;2;6900;1;0;0;0;0;;;11:01;Playoffs;Quartefinals;RU;;;
KWC26_PO_M03_G2;06/08/2026;Blue;Lose;Clue;Roamer;Mozi;;Flash;Virtus.pro;Kuaishou Gaming;0 - 2;0;3;3;4900;1;0;0;0;0;;;11:01;Playoffs;Quartefinals;RU;;;
KWC26_PO_M03_G3;06/08/2026;Blue;Win;silence;Clashlane;Devara;Jing;Frenzy;Kuaishou Gaming;Virtus.pro;3 - 0;5;0;7;9100;2;1;0;0;0;50400;49800;11:27;Playoffs;Quartefinals;CN;;;
KWC26_PO_M03_G3;06/08/2026;Blue;Win;JuHao;Jungler;Ukyo Tachibana;Mai Shiranui;Smite;Kuaishou Gaming;Virtus.pro;3 - 0;1;1;7;8700;2;1;0;0;0;27800;29300;11:27;Playoffs;Quartefinals;CN;;;
KWC26_PO_M03_G3;06/08/2026;Blue;Win;LiuLang;Midlane;Yu Huan;Liu Bang;Flash;Kuaishou Gaming;Virtus.pro;3 - 0;2;0;10;8800;2;1;0;0;0;61400;31500;11:27;Playoffs;Quartefinals;CN;;;
KWC26_PO_M03_G3;06/08/2026;Blue;Win;Yu;Farmlane;Chano;Lorion;Flash;Kuaishou Gaming;Virtus.pro;3 - 0;2;0;8;9300;2;1;0;0;0;59000;25500;11:27;Playoffs;Quartefinals;CN;;;
KWC26_PO_M03_G3;06/08/2026;Blue;Win;LFF;Roamer;Zhang Fei;;Heal;Kuaishou Gaming;Virtus.pro;3 - 0;3;0;9;6100;2;1;0;0;0;20000;62400;11:27;Playoffs;Quartefinals;CN;;;
KWC26_PO_M03_G3;06/08/2026;Red;Lose;Nighty;Clashlane;Florentino;Dyadia;Intimidate;Virtus.pro;Kuaishou Gaming;0 - 3;0;4;0;6800;0;0;0;1;0;45000;46200;11:27;Playoffs;Quartefinals;RU;;;
KWC26_PO_M03_G3;06/08/2026;Red;Lose;JiaBao;Jungler;Nezha;Guan Yu;Smite;Virtus.pro;Kuaishou Gaming;0 - 3;0;3;1;7700;0;0;0;1;0;42700;52900;11:27;Playoffs;Quartefinals;RU;;;
KWC26_PO_M03_G3;06/08/2026;Red;Lose;hai1ang;Midlane;Xiao Qiao;Haya;Flash;Virtus.pro;Kuaishou Gaming;0 - 3;1;1;0;6000;0;0;0;1;0;55100;26600;11:27;Playoffs;Quartefinals;RU;;;
KWC26_PO_M03_G3;06/08/2026;Red;Lose;Tgold;Farmlane;Ao Yin;Biron;Flash;Virtus.pro;Kuaishou Gaming;0 - 3;0;2;0;7200;0;0;0;1;0;33900;41100;11:27;Playoffs;Quartefinals;RU;;;
KWC26_PO_M03_G3;06/08/2026;Red;Lose;Clue;Roamer;Lapu lapu;;Flash;Virtus.pro;Kuaishou Gaming;0 - 3;0;3;1;4700;0;0;0;1;0;21900;51800;11:27;Playoffs;Quartefinals;RU;;;
KWC26_PO_M03_G4;06/08/2026;Red;Win;silence;Clashlane;Dharma;Mai Shiranui;Flash;Kuaishou Gaming;Virtus.pro;4 - 0;1;1;5;9600;2;1;0;1;1;;;13:02;Playoffs;Quartefinals;CN;;;
KWC26_PO_M03_G4;06/08/2026;Red;Win;JuHao;Jungler;Flowborn(JG);Dyadia;Smite;Kuaishou Gaming;Virtus.pro;4 - 0;4;0;6;9600;2;1;0;1;1;;;13:02;Playoffs;Quartefinals;CN;;;
KWC26_PO_M03_G4;06/08/2026;Red;Win;LiuLang;Midlane;Garuda;Liu Bang;Flash;Kuaishou Gaming;Virtus.pro;4 - 0;3;1;4;9500;2;1;0;1;1;;;13:02;Playoffs;Quartefinals;CN;;;
KWC26_PO_M03_G4;06/08/2026;Red;Win;Yu;Farmlane;Arli;Fatih;Frenzy;Kuaishou Gaming;Virtus.pro;4 - 0;4;0;4;11800;2;1;0;1;1;;;13:02;Playoffs;Quartefinals;CN;;;
KWC26_PO_M03_G4;06/08/2026;Red;Win;LFF;Roamer;Mozi;;Flash;Kuaishou Gaming;Virtus.pro;4 - 0;1;0;11;6500;2;1;0;1;1;;;13:02;Playoffs;Quartefinals;CN;;;
KWC26_PO_M03_G4;06/08/2026;Blue;Lose;Nighty;Clashlane;Bai Qi;Liang;Flash;Virtus.pro;Kuaishou Gaming;0 - 4;0;3;2;7100;0;0;0;0;0;;;13:02;Playoffs;Quartefinals;RU;;;
KWC26_PO_M03_G4;06/08/2026;Blue;Lose;JiaBao;Jungler;Jing;Haya;Smite;Virtus.pro;Kuaishou Gaming;0 - 4;0;2;1;10000;0;0;0;0;0;;;13:02;Playoffs;Quartefinals;RU;;;
KWC26_PO_M03_G4;06/08/2026;Blue;Lose;hai1ang;Midlane;Lorion;Guan Yu;Flash;Virtus.pro;Kuaishou Gaming;0 - 4;0;3;2;6200;0;0;0;0;0;;;13:02;Playoffs;Quartefinals;RU;;;
KWC26_PO_M03_G4;06/08/2026;Blue;Lose;Tgold;Farmlane;Shouyue;Da Qiao;Flash;Virtus.pro;Kuaishou Gaming;0 - 4;2;3;0;8100;0;0;0;0;0;;;13:02;Playoffs;Quartefinals;RU;;;
KWC26_PO_M03_G4;06/08/2026;Blue;Lose;Clue;Roamer;Annette;;Flash;Virtus.pro;Kuaishou Gaming;0 - 4;0;2;2;5800;0;0;0;0;0;;;13:02;Playoffs;Quartefinals;RU;;;
KWC26_PO_M04_G1;06/08/2026;Blue;Win;Ran;Clashlane;Charlotte;Liang;Flash;AG.AL;Aurora Gaming;1 - 0;2;2;4;9900;2;1;0;0;1;;;13:00;Playoffs;Quartefinals;CN;;;
KWC26_PO_M04_G1;06/08/2026;Blue;Win;Zoe;Jungler;Pei;Augran;Smite;AG.AL;Aurora Gaming;1 - 0;3;0;1;12700;2;1;0;0;1;;;13:00;Playoffs;Quartefinals;CN;;;
KWC26_PO_M04_G1;06/08/2026;Blue;Win;Sheng;Midlane;Garuda;Lorion;Flash;AG.AL;Aurora Gaming;1 - 0;1;0;4;8400;2;1;0;0;1;;;13:00;Playoffs;Quartefinals;CN;;;
KWC26_PO_M04_G1;06/08/2026;Blue;Win;Yinuo;Farmlane;Consort Yu;Mai Shiranui;Flash;AG.AL;Aurora Gaming;1 - 0;2;1;2;11000;2;1;0;0;1;;;13:00;Playoffs;Quartefinals;CN;;;
KWC26_PO_M04_G1;06/08/2026;Blue;Win;Shuai;Roamer;Lian Po;;Flash;AG.AL;Aurora Gaming;1 - 0;0;1;7;6700;2;1;0;0;1;;;13:00;Playoffs;Quartefinals;CN;;;
KWC26_PO_M04_G1;06/08/2026;Red;Lose;Siang;Clashlane;Florentino;Arli;Flash;Aurora Gaming;AG.AL;0 - 1;1;3;2;8100;0;0;0;1;0;;;13:00;Playoffs;Quartefinals;MY;;;
KWC26_PO_M04_G1;06/08/2026;Red;Lose;YuLong;Jungler;Ukyo Tachibana;Zhang Fei;Smite;Aurora Gaming;AG.AL;0 - 1;1;1;2;9100;0;0;0;1;0;;;13:00;Playoffs;Quartefinals;MY;;;
KWC26_PO_M04_G1;06/08/2026;Red;Lose;ZhiHong;Midlane;Nuwa;Yu Huan;Flash;Aurora Gaming;AG.AL;0 - 1;0;1;3;7600;0;0;0;1;0;;;13:00;Playoffs;Quartefinals;MY;;;
KWC26_PO_M04_G1;06/08/2026;Red;Lose;JR;Farmlane;Ao Yin;Haya;Flash;Aurora Gaming;AG.AL;0 - 1;2;1;0;8900;0;0;0;1;0;;;13:00;Playoffs;Quartefinals;MY;;;
KWC26_PO_M04_G1;06/08/2026;Red;Lose;Saber;Roamer;Lapu lapu;;Flash;Aurora Gaming;AG.AL;0 - 1;0;2;2;5100;0;0;0;1;0;;;13:00;Playoffs;Quartefinals;MY;;;
KWC26_PO_M04_G2;06/08/2026;Red;Win;Ran;Clashlane;Fatih;Pei;Flash;AG.AL;Aurora Gaming;2 - 0;1;1;6;13100;2;1;0;0;2;;;17:50;Playoffs;Quartefinals;CN;;;
KWC26_PO_M04_G2;06/08/2026;Red;Win;Zoe;Jungler;Ying;Zhang Fei;Smite;AG.AL;Aurora Gaming;2 - 0;4;5;3;13600;2;1;0;0;2;;;17:50;Playoffs;Quartefinals;CN;;;
KWC26_PO_M04_G2;06/08/2026;Red;Win;Sheng;Midlane;Lorion;Dolia;Flash;AG.AL;Aurora Gaming;2 - 0;8;1;7;12900;2;1;0;0;2;;;17:50;Playoffs;Quartefinals;CN;;;
KWC26_PO_M04_G2;06/08/2026;Red;Win;Yinuo;Farmlane;Erin;Jing;Flash;AG.AL;Aurora Gaming;2 - 0;4;3;10;13500;2;1;0;0;2;;;17:50;Playoffs;Quartefinals;CN;;;
KWC26_PO_M04_G2;06/08/2026;Red;Win;Shuai;Roamer;Lapu lapu;;Flash;AG.AL;Aurora Gaming;2 - 0;1;0;13;9300;2;1;0;0;2;;;17:50;Playoffs;Quartefinals;CN;;;
KWC26_PO_M04_G2;06/08/2026;Blue;Lose;Siang;Clashlane;Biron;Ao Yin;Flash;Aurora Gaming;AG.AL;0 - 2;0;4;5;9100;0;1;0;1;0;;;17:50;Playoffs;Quartefinals;MY;;;
KWC26_PO_M04_G2;06/08/2026;Blue;Lose;YuLong;Jungler;Luna;Dyadia;Smite;Aurora Gaming;AG.AL;0 - 2;3;2;4;14400;0;1;0;1;0;;;17:50;Playoffs;Quartefinals;MY;;;
KWC26_PO_M04_G2;06/08/2026;Blue;Lose;ZhiHong;Midlane;Haya;Agudo;Flash;Aurora Gaming;AG.AL;0 - 2;2;2;3;10700;0;1;0;1;0;;;17:50;Playoffs;Quartefinals;MY;;;
KWC26_PO_M04_G2;06/08/2026;Blue;Lose;JR;Farmlane;Chicha;Flowborn(JG);Flash;Aurora Gaming;AG.AL;0 - 2;4;4;2;11300;0;1;0;1;0;;;17:50;Playoffs;Quartefinals;MY;;;
KWC26_PO_M04_G2;06/08/2026;Blue;Lose;Saber;Roamer;Lian Po;;Flash;Aurora Gaming;AG.AL;0 - 2;1;6;6;8200;0;1;0;1;0;;;17:50;Playoffs;Quartefinals;MY;;;
KWC26_PO_M04_G3;06/08/2026;Blue;Win;Ran;Clashlane;Umbrosa;Pei;Flash;AG.AL;Aurora Gaming;3 - 0;4;1;3;13900;0;3;0;0;3;;;19:08;Playoffs;Quartefinals;CN;;;
KWC26_PO_M04_G3;06/08/2026;Blue;Win;Zoe;Jungler;Nezha;Chano;Smite;AG.AL;Aurora Gaming;3 - 0;3;1;5;15900;0;3;0;0;3;;;19:08;Playoffs;Quartefinals;CN;;;
KWC26_PO_M04_G3;06/08/2026;Blue;Win;Sheng;Midlane;Heino;Consort Yu;Purify;AG.AL;Aurora Gaming;3 - 0;1;2;6;13400;0;3;0;0;3;;;19:08;Playoffs;Quartefinals;CN;;;
KWC26_PO_M04_G3;06/08/2026;Blue;Win;Yinuo;Farmlane;Arli;Mozi;Frenzy;AG.AL;Aurora Gaming;3 - 0;2;1;4;15500;0;3;0;0;3;;;19:08;Playoffs;Quartefinals;CN;;;
KWC26_PO_M04_G3;06/08/2026;Blue;Win;Shuai;Roamer;Zhang Fei;;Stun;AG.AL;Aurora Gaming;3 - 0;0;1;10;9600;0;3;0;0;3;;;19:08;Playoffs;Quartefinals;CN;;;
KWC26_PO_M04_G3;06/08/2026;Red;Lose;Siang;Clashlane;Dharma;Chicha;Flash;Aurora Gaming;AG.AL;0 - 3;2;2;2;12500;1;0;0;0;0;;;19:08;Playoffs;Quartefinals;MY;;;
KWC26_PO_M04_G3;06/08/2026;Red;Lose;YuLong;Jungler;Flowborn(JG);Dyadia;Smite;Aurora Gaming;AG.AL;0 - 3;1;2;4;12500;1;0;0;0;0;;;19:08;Playoffs;Quartefinals;MY;;;
KWC26_PO_M04_G3;06/08/2026;Red;Lose;ZhiHong;Midlane;Lorion;Guan Yu;Flash;Aurora Gaming;AG.AL;0 - 3;1;2;2;11700;1;0;0;0;0;;;19:08;Playoffs;Quartefinals;MY;;;
KWC26_PO_M04_G3;06/08/2026;Red;Lose;JR;Farmlane;Agudo;Luna;Frenzy;Aurora Gaming;AG.AL;0 - 3;2;2;2;13000;1;0;0;0;0;;;19:08;Playoffs;Quartefinals;MY;;;
KWC26_PO_M04_G3;06/08/2026;Red;Lose;Saber;Roamer;Dolia;;Heal;Aurora Gaming;AG.AL;0 - 3;0;2;6;9200;1;0;0;0;0;;;19:08;Playoffs;Quartefinals;MY;;;
KWC26_PO_M04_G4;06/08/2026;Blue;Win;Ran;Clashlane;Devara;Pei;Frenzy;AG.AL;Aurora Gaming;4 - 0;3;2;7;11100;1;1;0;0;1;;;14:32;Playoffs;Quartefinals;CN;;;
KWC26_PO_M04_G4;06/08/2026;Blue;Win;Zoe;Jungler;Augran;Zhang Fei;Smite;AG.AL;Aurora Gaming;4 - 0;4;0;3;12000;1;1;0;0;1;;;14:32;Playoffs;Quartefinals;CN;;;
KWC26_PO_M04_G4;06/08/2026;Blue;Win;Sheng;Midlane;Nuwa;Charlotte;Flash;AG.AL;Aurora Gaming;4 - 0;3;0;9;10400;1;1;0;0;1;;;14:32;Playoffs;Quartefinals;CN;;;
KWC26_PO_M04_G4;06/08/2026;Blue;Win;Yinuo;Farmlane;Ao Yin;Angela;Flash;AG.AL;Aurora Gaming;4 - 0;4;1;5;11300;1;1;0;0;1;;;14:32;Playoffs;Quartefinals;CN;;;
KWC26_PO_M04_G4;06/08/2026;Blue;Win;Shuai;Roamer;Dyadia;;Flash;AG.AL;Aurora Gaming;4 - 0;0;0;11;9000;1;1;0;0;1;;;14:32;Playoffs;Quartefinals;CN;;;
KWC26_PO_M04_G4;06/08/2026;Red;Lose;Siang;Clashlane;Fatih;Haya;Flash;Aurora Gaming;AG.AL;0 - 4;1;4;0;9100;1;0;0;0;0;;;14:32;Playoffs;Quartefinals;MY;;;
KWC26_PO_M04_G4;06/08/2026;Red;Lose;YuLong;Jungler;Menki;Chicha;Smite;Aurora Gaming;AG.AL;0 - 4;0;1;1;8800;1;0;0;0;0;;;14:32;Playoffs;Quartefinals;MY;;;
KWC26_PO_M04_G4;06/08/2026;Red;Lose;ZhiHong;Midlane;Ziya;Guan Yu;Flash;Aurora Gaming;AG.AL;0 - 4;2;2;0;8100;1;0;0;0;0;;;14:32;Playoffs;Quartefinals;MY;;;
KWC26_PO_M04_G4;06/08/2026;Red;Lose;JR;Farmlane;Chano;Biron;Flash;Aurora Gaming;AG.AL;0 - 4;0;5;2;10000;1;0;0;0;0;;;14:32;Playoffs;Quartefinals;MY;;;
KWC26_PO_M04_G4;06/08/2026;Red;Lose;Saber;Roamer;Annette;;Flash;Aurora Gaming;AG.AL;0 - 4;0;2;1;6000;1;0;0;0;0;;;14:32;Playoffs;Quartefinals;MY;;;
KWC26_PO_M05_G1;07/08/2026;Red;Win;silence;Clashlane;Dharma;Annette;Flash;Kuaishou Gaming;Geekay Esports;1 - 0;3;1;5;10000;2;1;0;0;1;;;13:05;Playoffs;Semifinals;CN;;;
KWC26_PO_M05_G1;07/08/2026;Red;Win;JuHao;Jungler;Ukyo Tachibana;Liang;Smite;Kuaishou Gaming;Geekay Esports;1 - 0;5;0;5;11600;2;1;0;0;1;;;13:05;Playoffs;Semifinals;CN;;;
KWC26_PO_M05_G1;07/08/2026;Red;Win;LiuLang;Midlane;Mai Shiranui;Yu Huan;Flash;Kuaishou Gaming;Geekay Esports;1 - 0;2;1;7;7800;2;1;0;0;1;;;13:05;Playoffs;Semifinals;CN;;;
KWC26_PO_M05_G1;07/08/2026;Red;Win;Yu;Farmlane;Shouyue;Haya;Flash;Kuaishou Gaming;Geekay Esports;1 - 0;2;1;8;11000;2;1;0;0;1;;;13:05;Playoffs;Semifinals;CN;;;
KWC26_PO_M05_G1;07/08/2026;Red;Win;LFF;Roamer;Lapu lapu;;Flash;Kuaishou Gaming;Geekay Esports;1 - 0;1;1;11;6500;2;1;0;0;1;;;13:05;Playoffs;Semifinals;CN;;;
KWC26_PO_M05_G1;07/08/2026;Blue;Lose;GuiYu;Clashlane;Charlotte;Guan Yu;Flash;Geekay Esports;Kuaishou Gaming;0 - 1;2;5;0;7300;0;0;0;0;0;;;13:05;Playoffs;Semifinals;MY;;;
KWC26_PO_M05_G1;07/08/2026;Blue;Lose;MusangKing;Jungler;Pei;Lorion;Smite;Geekay Esports;Kuaishou Gaming;0 - 1;2;3;2;9700;0;0;0;0;0;;;13:05;Playoffs;Semifinals;MY;;;
KWC26_PO_M05_G1;07/08/2026;Blue;Lose;Shisan;Midlane;Angela;Chano;Flash;Geekay Esports;Kuaishou Gaming;0 - 1;0;1;2;7300;0;0;0;0;0;;;13:05;Playoffs;Semifinals;MY;;;
KWC26_PO_M05_G1;07/08/2026;Blue;Lose;Jem;Farmlane;Ao Yin;Flowborn(FL);Flash;Geekay Esports;Kuaishou Gaming;0 - 1;0;2;2;8200;0;0;0;0;0;;;13:05;Playoffs;Semifinals;MY;;;
KWC26_PO_M05_G1;07/08/2026;Blue;Lose;Zhe;Roamer;Lian Po;;Flash;Geekay Esports;Kuaishou Gaming;0 - 1;0;2;3;5500;0;0;0;0;0;;;13:05;Playoffs;Semifinals;MY;;;
KWC26_PO_M05_G2;07/08/2026;Blue;Win;silence;Clashlane;Charlotte;Mai Shiranui;Flash;Kuaishou Gaming;Geekay Esports;2 - 0;4;1;9;10100;0;1;0;1;1;67400;43100;12:52;Playoffs;Semifinals;CN;;;
KWC26_PO_M05_G2;07/08/2026;Blue;Win;JuHao;Jungler;Ying;Haya;Smite;Kuaishou Gaming;Geekay Esports;2 - 0;5;0;7;10200;0;1;0;1;1;70200;35200;12:52;Playoffs;Semifinals;CN;;;
KWC26_PO_M05_G2;07/08/2026;Blue;Win;LiuLang;Midlane;Xiao Qiao;Jing;Flash;Kuaishou Gaming;Geekay Esports;2 - 0;0;1;10;7800;0;1;0;1;1;76900;40500;12:52;Playoffs;Semifinals;CN;;;
KWC26_PO_M05_G2;07/08/2026;Blue;Win;Yu;Farmlane;Chicha;Musashi;Frenzy;Kuaishou Gaming;Geekay Esports;2 - 0;5;2;1;10600;0;1;0;1;1;66700;41100;12:52;Playoffs;Semifinals;CN;;;
KWC26_PO_M05_G2;07/08/2026;Blue;Win;LFF;Roamer;Dyadia;;Flash;Kuaishou Gaming;Geekay Esports;2 - 0;2;1;11;7700;0;1;0;1;1;27300;50200;12:52;Playoffs;Semifinals;CN;;;
KWC26_PO_M05_G2;07/08/2026;Red;Lose;GuiYu;Clashlane;Guan Yu;Lorion;Sprint;Geekay Esports;Kuaishou Gaming;0 - 2;2;5;1;6500;2;0;0;0;0;27100;57700;12:52;Playoffs;Semifinals;MY;;;
KWC26_PO_M05_G2;07/08/2026;Red;Lose;MusangKing;Jungler;Augran;Pei;Smite;Geekay Esports;Kuaishou Gaming;0 - 2;1;4;1;7400;2;0;0;0;0;44000;108700;12:52;Playoffs;Semifinals;MY;;;
KWC26_PO_M05_G2;07/08/2026;Red;Lose;Shisan;Midlane;Nuwa;Florentino;Flash;Geekay Esports;Kuaishou Gaming;0 - 2;2;2;1;7100;2;0;0;0;0;61600;28200;12:52;Playoffs;Semifinals;MY;;;
KWC26_PO_M05_G2;07/08/2026;Red;Lose;Jem;Farmlane;Arli;Flowborn(JG);Frenzy;Geekay Esports;Kuaishou Gaming;0 - 2;0;2;2;8300;2;0;0;0;0;35100;37400;12:52;Playoffs;Semifinals;MY;;;
KWC26_PO_M05_G2;07/08/2026;Red;Lose;Zhe;Roamer;Annette;;Flash;Geekay Esports;Kuaishou Gaming;0 - 2;0;3;3;6400;2;0;0;0;0;42300;76500;12:52;Playoffs;Semifinals;MY;;;
KWC26_PO_M05_G3;07/08/2026;Blue;Win;silence;Clashlane;Fatih;Mai Shiranui;Flash;Kuaishou Gaming;Geekay Esports;3 - 0;7;3;9;18000;1;2;0;0;1;;;22:54;Playoffs;Semifinals;CN;;;
KWC26_PO_M05_G3;07/08/2026;Blue;Win;JuHao;Jungler;Augran;Jing;Smite;Kuaishou Gaming;Geekay Esports;3 - 0;3;4;9;13500;1;2;0;0;1;;;22:54;Playoffs;Semifinals;CN;;;
KWC26_PO_M05_G3;07/08/2026;Blue;Win;LiuLang;Midlane;Garuda;Haya;Flash;Kuaishou Gaming;Geekay Esports;3 - 0;2;4;9;14000;1;2;0;0;1;;;22:54;Playoffs;Semifinals;CN;;;
KWC26_PO_M05_G3;07/08/2026;Blue;Win;Yu;Farmlane;Ao Yin;Agudo;Flash;Kuaishou Gaming;Geekay Esports;3 - 0;6;2;5;17300;1;2;0;0;1;;;22:54;Playoffs;Semifinals;CN;;;
KWC26_PO_M05_G3;07/08/2026;Blue;Win;LFF;Roamer;Mozi;;Flash;Kuaishou Gaming;Geekay Esports;3 - 0;1;2;14;11100;1;2;0;0;1;;;22:54;Playoffs;Semifinals;CN;;;
KWC26_PO_M05_G3;07/08/2026;Red;Lose;GuiYu;Clashlane;Dharma;Lorion;Flash;Geekay Esports;Kuaishou Gaming;0 - 3;2;3;5;13100;1;0;0;1;1;;;22:54;Playoffs;Semifinals;MY;;;
KWC26_PO_M05_G3;07/08/2026;Red;Lose;MusangKing;Jungler;Nezha;Guan Yu;Smite;Geekay Esports;Kuaishou Gaming;0 - 3;3;3;2;15800;1;0;0;1;1;;;22:54;Playoffs;Semifinals;MY;;;
KWC26_PO_M05_G3;07/08/2026;Red;Lose;Shisan;Midlane;Xiao Qiao;Pei;Flash;Geekay Esports;Kuaishou Gaming;0 - 3;2;2;5;14300;1;0;0;1;1;;;22:54;Playoffs;Semifinals;MY;;;
KWC26_PO_M05_G3;07/08/2026;Red;Lose;Jem;Farmlane;Chano;Luna;Flash;Geekay Esports;Kuaishou Gaming;0 - 3;6;5;4;18500;1;0;0;1;1;;;22:54;Playoffs;Semifinals;MY;;;
KWC26_PO_M05_G3;07/08/2026;Red;Lose;Zhe;Roamer;Zhang Fei;;Stun;Geekay Esports;Kuaishou Gaming;0 - 3;2;6;10;11600;1;0;0;1;1;;;22:54;Playoffs;Semifinals;MY;;;
KWC26_PO_M05_G4;07/08/2026;Red;Win;silence;Clashlane;Florentino;Lorion;Flash;Kuaishou Gaming;Geekay Esports;4 - 0;5;1;2;10700;2;1;0;1;1;;;14:43;Playoffs;Semifinals;CN;;;
KWC26_PO_M05_G4;07/08/2026;Red;Win;JuHao;Jungler;Kaizer;Dyadia;Smite;Kuaishou Gaming;Geekay Esports;4 - 0;4;0;10;9800;2;1;0;1;1;;;14:43;Playoffs;Semifinals;CN;;;
KWC26_PO_M05_G4;07/08/2026;Red;Win;LiuLang;Midlane;Haya;Lapu lapu;Flash;Kuaishou Gaming;Geekay Esports;4 - 0;2;2;6;8900;2;1;0;1;1;;;14:43;Playoffs;Semifinals;CN;;;
KWC26_PO_M05_G4;07/08/2026;Red;Win;Yu;Farmlane;Erin;Garuda;Flash;Kuaishou Gaming;Geekay Esports;4 - 0;5;1;6;13800;2;1;0;1;1;;;14:43;Playoffs;Semifinals;CN;;;
KWC26_PO_M05_G4;07/08/2026;Red;Win;LFF;Roamer;Zhang Fei;;Heal;Kuaishou Gaming;Geekay Esports;4 - 0;0;2;11;7100;2;1;0;1;1;;;14:43;Playoffs;Semifinals;CN;;;
KWC26_PO_M05_G4;07/08/2026;Blue;Lose;GuiYu;Clashlane;Fatih;Annette;Flash;Geekay Esports;Kuaishou Gaming;0 - 4;0;2;2;9800;0;0;0;0;0;;;14:43;Playoffs;Semifinals;MY;;;
KWC26_PO_M05_G4;07/08/2026;Blue;Lose;MusangKing;Jungler;Yang Jian;Pei;Smite;Geekay Esports;Kuaishou Gaming;0 - 4;2;3;1;9000;0;0;0;0;0;;;14:43;Playoffs;Semifinals;MY;;;
KWC26_PO_M05_G4;07/08/2026;Blue;Lose;Shisan;Midlane;Wang Zhaojun;Umbrosa;Flash;Geekay Esports;Kuaishou Gaming;0 - 4;0;2;3;6200;0;0;0;0;0;;;14:43;Playoffs;Semifinals;MY;;;
KWC26_PO_M05_G4;07/08/2026;Blue;Lose;Jem;Farmlane;Chicha;Guan Yu;Flash;Geekay Esports;Kuaishou Gaming;0 - 4;4;4;1;11300;0;0;0;0;0;;;14:43;Playoffs;Semifinals;MY;;;
KWC26_PO_M05_G4;07/08/2026;Blue;Lose;Zhe;Roamer;Liang;;Flash;Geekay Esports;Kuaishou Gaming;0 - 4;0;5;5;6100;0;0;0;0;0;;;14:43;Playoffs;Semifinals;MY;;;
KWC26_PO_M06_G1;07/08/2026;Red;Win;Ran;Clashlane;Fatih;Pei;Flash;AG.AL;ROC Esports;1 - 0;0;1;2;9000;2;1;0;0;1;;;12:25;Playoffs;Semifinals;CN;;;
KWC26_PO_M06_G1;07/08/2026;Red;Win;Zoe;Jungler;Augran;Mozi;Smite;AG.AL;ROC Esports;1 - 0;6;0;2;10700;2;1;0;0;1;;;12:25;Playoffs;Semifinals;CN;;;
KWC26_PO_M06_G1;07/08/2026;Red;Win;Sheng;Midlane;Angela;Mai Shiranui;Flash;AG.AL;ROC Esports;1 - 0;1;1;6;8700;2;1;0;0;1;;;12:25;Playoffs;Semifinals;CN;;;
KWC26_PO_M06_G1;07/08/2026;Red;Win;Yinuo;Farmlane;Arli;Ukyo Tachibana;Frenzy;AG.AL;ROC Esports;1 - 0;2;1;6;10300;2;1;0;0;1;;;12:25;Playoffs;Semifinals;CN;;;
KWC26_PO_M06_G1;07/08/2026;Red;Win;Shuai;Roamer;Zhang Fei;;Stun;AG.AL;ROC Esports;1 - 0;0;0;9;6100;2;1;0;0;1;;;12:25;Playoffs;Semifinals;CN;;;
KWC26_PO_M06_G1;07/08/2026;Blue;Lose;Xuan;Clashlane;Dharma;Annette;Flash;ROC Esports;AG.AL;0 - 1;0;3;1;7200;0;0;0;0;0;;;12:25;Playoffs;Semifinals;MY;;;
KWC26_PO_M06_G1;07/08/2026;Blue;Lose;KongLing;Jungler;Menki;Lorion;Smite;ROC Esports;AG.AL;0 - 1;1;3;0;6900;0;0;0;0;0;;;12:25;Playoffs;Semifinals;MY;;;
KWC26_PO_M06_G1;07/08/2026;Blue;Lose;Wendy;Midlane;Garuda;Agudo;Flash;ROC Esports;AG.AL;0 - 1;0;1;1;7500;0;0;0;0;0;;;12:25;Playoffs;Semifinals;MY;;;
KWC26_PO_M06_G1;07/08/2026;Blue;Lose;Muci;Farmlane;Ao Yin;Nuwa;Flash;ROC Esports;AG.AL;0 - 1;2;1;1;8400;0;0;0;0;0;;;12:25;Playoffs;Semifinals;MY;;;
KWC26_PO_M06_G1;07/08/2026;Blue;Lose;Weipit;Roamer;Lapu lapu;;Flash;ROC Esports;AG.AL;0 - 1;0;1;0;4900;0;0;0;0;0;;;12:25;Playoffs;Semifinals;MY;;;
KWC26_PO_M06_G2;07/08/2026;Blue;Win;Ran;Clashlane;Devara;Augran;Frenzy;AG.AL;ROC Esports;2 - 0;1;1;9;8200;1;0;0;1;0;;;10:53;Playoffs;Semifinals;CN;;;
KWC26_PO_M06_G2;07/08/2026;Blue;Win;Zoe;Jungler;Kaizer;Haya;Smite;AG.AL;ROC Esports;2 - 0;1;0;5;7000;1;0;0;1;0;;;10:53;Playoffs;Semifinals;CN;;;
KWC26_PO_M06_G2;07/08/2026;Blue;Win;Sheng;Midlane;Garuda;Guan Yu;Flash;AG.AL;ROC Esports;2 - 0;5;0;8;8600;1;0;0;1;0;;;10:53;Playoffs;Semifinals;CN;;;
KWC26_PO_M06_G2;07/08/2026;Blue;Win;Yinuo;Farmlane;Erin;Luna;Flash;AG.AL;ROC Esports;2 - 0;6;1;3;9800;1;0;0;1;0;;;10:53;Playoffs;Semifinals;CN;;;
KWC26_PO_M06_G2;07/08/2026;Blue;Win;Shuai;Roamer;Dyadia;;Flash;AG.AL;ROC Esports;2 - 0;1;1;12;6600;1;0;0;1;0;;;10:53;Playoffs;Semifinals;CN;;;
KWC26_PO_M06_G2;07/08/2026;Red;Lose;Xuan;Clashlane;Ata;Pei;Flash;ROC Esports;AG.AL;0 - 2;0;4;2;5100;0;0;0;0;0;;;10:53;Playoffs;Semifinals;MY;;;
KWC26_PO_M06_G2;07/08/2026;Red;Lose;KongLing;Jungler;Ukyo Tachibana;Ao Yin;Smite;ROC Esports;AG.AL;0 - 2;0;1;1;7200;0;0;0;0;0;;;10:53;Playoffs;Semifinals;MY;;;
KWC26_PO_M06_G2;07/08/2026;Red;Lose;Wendy;Midlane;Lorion;Mai Shiranui;Flash;ROC Esports;AG.AL;0 - 2;0;2;0;5600;0;0;0;0;0;;;10:53;Playoffs;Semifinals;MY;;;
KWC26_PO_M06_G2;07/08/2026;Red;Lose;Muci;Farmlane;Chicha;Dharma;Flash;ROC Esports;AG.AL;0 - 2;3;3;0;7400;0;0;0;0;0;;;10:53;Playoffs;Semifinals;MY;;;
KWC26_PO_M06_G2;07/08/2026;Red;Lose;Weipit;Roamer;Lian Po;;Flash;ROC Esports;AG.AL;0 - 2;0;4;2;5100;0;0;0;0;0;;;10:53;Playoffs;Semifinals;MY;;;
KWC26_PO_M06_G3;07/08/2026;Blue;Win;Ran;Clashlane;Xiang Yu;Zhang Fei;Flash;AG.AL;ROC Esports;3 - 0;4;0;6;10200;1;1;0;0;0;;;14:52;Playoffs;Semifinals;CN;;;
KWC26_PO_M06_G3;07/08/2026;Blue;Win;Zoe;Jungler;Ying;Flowborn(JG);Smite;AG.AL;ROC Esports;3 - 0;4;4;4;12100;1;1;0;0;0;;;14:52;Playoffs;Semifinals;CN;;;
KWC26_PO_M06_G3;07/08/2026;Blue;Win;Sheng;Midlane;Haya;Nuwa;Flash;AG.AL;ROC Esports;3 - 0;1;2;4;9000;1;1;0;0;0;;;14:52;Playoffs;Semifinals;CN;;;
KWC26_PO_M06_G3;07/08/2026;Blue;Win;Yinuo;Farmlane;Chano;Charlotte;Flash;AG.AL;ROC Esports;3 - 0;3;1;5;12200;1;1;0;0;0;;;14:52;Playoffs;Semifinals;CN;;;
KWC26_PO_M06_G3;07/08/2026;Blue;Win;Shuai;Roamer;Dolia;;Purify;AG.AL;ROC Esports;3 - 0;1;3;9;8400;1;1;0;0;0;;;14:52;Playoffs;Semifinals;CN;;;
KWC26_PO_M06_G3;07/08/2026;Red;Lose;Xuan;Clashlane;Guan Yu;Pei;Sprint;ROC Esports;AG.AL;0 - 3;0;3;4;8600;1;0;0;1;1;;;14:52;Playoffs;Semifinals;MY;;;
KWC26_PO_M06_G3;07/08/2026;Red;Lose;KongLing;Jungler;Agudo;Ao Yin;Smite;ROC Esports;AG.AL;0 - 3;6;3;3;9700;1;0;0;1;1;;;14:52;Playoffs;Semifinals;MY;;;
KWC26_PO_M06_G3;07/08/2026;Red;Lose;Wendy;Midlane;Shi;Yang Jian;Flash;ROC Esports;AG.AL;0 - 3;0;3;9;6800;1;0;0;1;1;;;14:52;Playoffs;Semifinals;MY;;;
KWC26_PO_M06_G3;07/08/2026;Red;Lose;Muci;Farmlane;Arli;Dun;Frenzy;ROC Esports;AG.AL;0 - 3;4;3;5;11400;1;0;0;1;1;;;14:52;Playoffs;Semifinals;MY;;;
KWC26_PO_M06_G3;07/08/2026;Red;Lose;Weipit;Roamer;Annette;;Flash;ROC Esports;AG.AL;0 - 3;0;1;9;7000;1;0;0;1;1;;;14:52;Playoffs;Semifinals;MY;;;
KWC26_PO_M06_G4;07/08/2026;Red;Win;Ran;Clashlane;Charlotte;Zhang Fei;Flash;AG.AL;ROC Esports;4 - 0;4;0;3;8200;1;0;0;1;0;;;09:40;Playoffs;Semifinals;CN;;;
KWC26_PO_M06_G4;07/08/2026;Red;Win;Zoe;Jungler;Ukyo Tachibana;Haya;Smite;AG.AL;ROC Esports;4 - 0;4;0;6;9100;1;0;0;1;0;;;09:40;Playoffs;Semifinals;CN;;;
KWC26_PO_M06_G4;07/08/2026;Red;Win;Sheng;Midlane;Mai Shiranui;Bai Qi;Flash;AG.AL;ROC Esports;4 - 0;1;1;6;6200;1;0;0;1;0;;;09:40;Playoffs;Semifinals;CN;;;
KWC26_PO_M06_G4;07/08/2026;Red;Win;Yinuo;Farmlane;Alessio;Fatih;Flash;AG.AL;ROC Esports;4 - 0;1;0;6;8000;1;0;0;1;0;;;09:40;Playoffs;Semifinals;CN;;;
KWC26_PO_M06_G4;07/08/2026;Red;Win;Shuai;Roamer;Lapu lapu;;Flash;AG.AL;ROC Esports;4 - 0;0;0;8;4500;1;0;0;1;0;;;09:40;Playoffs;Semifinals;CN;;;
KWC26_PO_M06_G4;07/08/2026;Blue;Lose;Xuan;Clashlane;Biron;Ao Yin;Flash;ROC Esports;AG.AL;0 - 4;0;2;1;4500;0;0;0;0;0;;;09:40;Playoffs;Semifinals;MY;;;
KWC26_PO_M06_G4;07/08/2026;Blue;Lose;KongLing;Jungler;Pei;Chicha;Smite;ROC Esports;AG.AL;0 - 4;0;1;0;7200;0;0;0;0;0;;;09:40;Playoffs;Semifinals;MY;;;
KWC26_PO_M06_G4;07/08/2026;Blue;Lose;Wendy;Midlane;Yu Huan;Dharma;Flash;ROC Esports;AG.AL;0 - 4;0;2;1;5100;0;0;0;0;0;;;09:40;Playoffs;Semifinals;MY;;;
KWC26_PO_M06_G4;07/08/2026;Blue;Lose;Muci;Farmlane;Chano;Guan Yu;Flash;ROC Esports;AG.AL;0 - 4;1;2;0;5900;0;0;0;0;0;;;09:40;Playoffs;Semifinals;MY;;;
KWC26_PO_M06_G4;07/08/2026;Blue;Lose;Weipit;Roamer;Dyadia;;Flash;ROC Esports;AG.AL;0 - 4;0;3;1;4200;0;0;0;0;0;;;09:40;Playoffs;Semifinals;MY;;;
KWC26_PO_M07_G1;08/08/2026;Red;Lose;Xuan;Clashlane;Ata;Pei;Flash;ROC Esports;Geekay Esports;0 - 1;0;4;2;9000;2;1;0;0;0;44200;157300;19:09;Playoffs;Bronze Match;MY;;;
KWC26_PO_M07_G1;08/08/2026;Red;Lose;KongLing;Jungler;Luna;Ao Yin;Smite;ROC Esports;Geekay Esports;0 - 1;5;2;1;14300;2;1;0;0;0;113100;93500;19:09;Playoffs;Bronze Match;MY;;;
KWC26_PO_M07_G1;08/08/2026;Red;Lose;Wendy;Midlane;Garuda;Flowborn(JG);Flash;ROC Esports;Geekay Esports;0 - 1;2;1;3;12100;2;1;0;0;0;198800;63400;19:09;Playoffs;Bronze Match;MY;;;
KWC26_PO_M07_G1;08/08/2026;Red;Lose;Muci;Farmlane;Arli;Jing;Frenzy;ROC Esports;Geekay Esports;0 - 1;0;3;5;12100;2;1;0;0;0;82500;50900;19:09;Playoffs;Bronze Match;MY;;;
KWC26_PO_M07_G1;08/08/2026;Red;Lose;Weipit;Roamer;Zhang Fei;;Stun;ROC Esports;Geekay Esports;0 - 1;0;2;4;8400;2;1;0;0;0;26600;167700;19:09;Playoffs;Bronze Match;MY;;;
KWC26_PO_M07_G1;08/08/2026;Blue;Win;GuiYu;Clashlane;Dharma;Guan Yu;Flash;Geekay Esports;ROC Esports;1 - 0;4;2;7;14100;0;2;0;1;2;79100;81100;19:09;Playoffs;Bronze Match;MY;;;
KWC26_PO_M07_G1;08/08/2026;Blue;Win;MusangKing;Jungler;Dun;Mai Shiranui;Smite;Geekay Esports;ROC Esports;1 - 0;3;2;2;11300;0;2;0;1;2;78800;199900;19:09;Playoffs;Bronze Match;MY;;;
KWC26_PO_M07_G1;08/08/2026;Blue;Win;Shisan;Midlane;Lorion;Haya;Flash;Geekay Esports;ROC Esports;1 - 0;3;0;7;11700;0;2;0;1;2;184500;37000;19:09;Playoffs;Bronze Match;MY;;;
KWC26_PO_M07_G1;08/08/2026;Blue;Win;Jem;Farmlane;Flowborn(FL);Shi;Flash;Geekay Esports;ROC Esports;1 - 0;2;2;7;14800;0;2;0;1;2;154600;49200;19:09;Playoffs;Bronze Match;MY;;;
KWC26_PO_M07_G1;08/08/2026;Blue;Win;Zhe;Roamer;Lapu lapu;;Flash;Geekay Esports;ROC Esports;1 - 0;0;1;9;10000;0;2;0;1;2;35700;98100;19:09;Playoffs;Bronze Match;MY;;;
KWC26_PO_M07_G2;08/08/2026;Blue;Lose;Xuan;Clashlane;Xiang Yu;Zhang Fei;Flash;ROC Esports;Geekay Esports;0 - 2;0;3;2;7600;2;0;0;0;1;;;16:08;Playoffs;Bronze Match;MY;;;
KWC26_PO_M07_G2;08/08/2026;Blue;Lose;KongLing;Jungler;Pei;Mai Shiranui;Smite;ROC Esports;Geekay Esports;0 - 2;0;4;2;11000;2;0;0;0;1;;;16:08;Playoffs;Bronze Match;MY;;;
KWC26_PO_M07_G2;08/08/2026;Blue;Lose;Wendy;Midlane;Yu Huan;Dolia;Flash;ROC Esports;Geekay Esports;0 - 2;1;2;3;9300;2;0;0;0;1;;;16:08;Playoffs;Bronze Match;MY;;;
KWC26_PO_M07_G2;08/08/2026;Blue;Lose;Muci;Farmlane;Consort Yu;Dyadia;Flash;ROC Esports;Geekay Esports;0 - 2;2;0;1;12100;2;0;0;0;1;;;16:08;Playoffs;Bronze Match;MY;;;
KWC26_PO_M07_G2;08/08/2026;Blue;Lose;Weipit;Roamer;Lian Po;;Flash;ROC Esports;Geekay Esports;0 - 2;1;1;1;7500;2;0;0;0;1;;;16:08;Playoffs;Bronze Match;MY;;;
KWC26_PO_M07_G2;08/08/2026;Red;Win;GuiYu;Clashlane;Guan Yu;Haya;Sprint;Geekay Esports;ROC Esports;2 - 0;1;3;4;11900;0;2;0;0;0;;;16:08;Playoffs;Bronze Match;MY;;;
KWC26_PO_M07_G2;08/08/2026;Red;Win;MusangKing;Jungler;Augran;Lorion;Smite;Geekay Esports;ROC Esports;2 - 0;6;0;2;11800;0;2;0;0;0;;;16:08;Playoffs;Bronze Match;MY;;;
KWC26_PO_M07_G2;08/08/2026;Red;Win;Shisan;Midlane;Nuwa;Florentino;Flash;Geekay Esports;ROC Esports;2 - 0;1;0;8;10000;0;2;0;0;0;;;16:08;Playoffs;Bronze Match;MY;;;
KWC26_PO_M07_G2;08/08/2026;Red;Win;Jem;Farmlane;Ao Yin;Charlotte;Flash;Geekay Esports;ROC Esports;2 - 0;2;0;8;12500;0;2;0;0;0;;;16:08;Playoffs;Bronze Match;MY;;;
KWC26_PO_M07_G2;08/08/2026;Red;Win;Zhe;Roamer;Mozi;;Flash;Geekay Esports;ROC Esports;2 - 0;0;1;10;8400;0;2;0;0;0;;;16:08;Playoffs;Bronze Match;MY;;;
KWC26_PO_M07_G3;08/08/2026;Red;Lose;Xuan;Clashlane;Biron;Pei;Flash;ROC Esports;Geekay Esports;0 - 3;0;4;0;5600;1;0;0;0;0;;;11:59;Playoffs;Bronze Match;MY;;;
KWC26_PO_M07_G3;08/08/2026;Red;Lose;KongLing;Jungler;Agudo;Annette;Smite;ROC Esports;Geekay Esports;0 - 3;0;0;1;7900;1;0;0;0;0;;;11:59;Playoffs;Bronze Match;MY;;;
KWC26_PO_M07_G3;08/08/2026;Red;Lose;Wendy;Midlane;Angela;Zhang Fei;Flash;ROC Esports;Geekay Esports;0 - 3;0;2;0;6000;1;0;0;0;0;;;11:59;Playoffs;Bronze Match;MY;;;
KWC26_PO_M07_G3;08/08/2026;Red;Lose;Muci;Farmlane;Ao Yin;Dolia;Flash;ROC Esports;Geekay Esports;0 - 3;1;1;0;7400;1;0;0;0;0;;;11:59;Playoffs;Bronze Match;MY;;;
KWC26_PO_M07_G3;08/08/2026;Red;Lose;Weipit;Roamer;Lapu lapu;;Flash;ROC Esports;Geekay Esports;0 - 3;0;4;1;4600;1;0;0;0;0;;;11:59;Playoffs;Bronze Match;MY;;;
KWC26_PO_M07_G3;08/08/2026;Blue;Win;GuiYu;Clashlane;Charlotte;Guan Yu;Flash;Geekay Esports;ROC Esports;3 - 0;3;0;4;9900;0;1;0;1;0;;;11:59;Playoffs;Bronze Match;MY;;;
KWC26_PO_M07_G3;08/08/2026;Blue;Win;MusangKing;Jungler;Menki;Lorion;Smite;Geekay Esports;ROC Esports;3 - 0;0;0;7;8200;0;1;0;1;0;;;11:59;Playoffs;Bronze Match;MY;;;
KWC26_PO_M07_G3;08/08/2026;Blue;Win;Shisan;Midlane;Haya;Heino;Flash;Geekay Esports;ROC Esports;3 - 0;5;0;5;8900;0;1;0;1;0;;;11:59;Playoffs;Bronze Match;MY;;;
KWC26_PO_M07_G3;08/08/2026;Blue;Win;Jem;Farmlane;Chano;Nuwa;Flash;Geekay Esports;ROC Esports;3 - 0;3;1;5;8700;0;1;0;1;0;;;11:59;Playoffs;Bronze Match;MY;;;
KWC26_PO_M07_G3;08/08/2026;Blue;Win;Zhe;Roamer;Dyadia;;Flash;Geekay Esports;ROC Esports;3 - 0;0;0;9;7000;0;1;0;1;0;;;11:59;Playoffs;Bronze Match;MY;;;
KWC26_PO_M08_G1;08/08/2026;Blue;Lose;Ran;Clashlane;Charlotte;Dyadia;Flash;AG.AL;Kuaishou Gaming;0 - 1;2;3;1;12500;0;0;0;1;1;48400;87000;19:05;Playoffs;Grandfinals;CN;;;
KWC26_PO_M08_G1;08/08/2026;Blue;Lose;Zoe;Jungler;Pei;Ukyo Tachibana;Smite;AG.AL;Kuaishou Gaming;0 - 1;1;2;1;13500;0;0;0;1;1;68200;98900;19:05;Playoffs;Grandfinals;CN;;;
KWC26_PO_M08_G1;08/08/2026;Blue;Lose;Sheng;Midlane;Yu Huan;Haya;Flash;AG.AL;Kuaishou Gaming;0 - 1;2;1;3;11800;0;0;0;1;1;98700;105300;19:05;Playoffs;Grandfinals;CN;;;
KWC26_PO_M08_G1;08/08/2026;Blue;Lose;Yinuo;Farmlane;Consort Yu;Mai Shiranui;Flash;AG.AL;Kuaishou Gaming;0 - 1;1;1;1;13600;0;0;0;1;1;53000;54400;19:05;Playoffs;Grandfinals;CN;;;
KWC26_PO_M08_G1;08/08/2026;Blue;Lose;Shuai;Roamer;Zhuangzi;;Heal;AG.AL;Kuaishou Gaming;0 - 1;0;2;5;8600;0;0;0;1;1;62000;148000;19:05;Playoffs;Grandfinals;CN;;;
KWC26_PO_M08_G1;08/08/2026;Red;Win;silence;Clashlane;Florentino;Liang;Flash;Kuaishou Gaming;AG.AL;1 - 0;1;2;3;13200;2;3;0;0;1;68100;76500;19:05;Playoffs;Grandfinals;CN;;;
KWC26_PO_M08_G1;08/08/2026;Red;Win;JuHao;Jungler;Ying;Zhang Fei;Smite;Kuaishou Gaming;AG.AL;1 - 0;2;0;5;14700;2;3;0;0;1;91900;48700;19:05;Playoffs;Grandfinals;CN;;;
KWC26_PO_M08_G1;08/08/2026;Red;Win;LiuLang;Midlane;Garuda;Arli;Flash;Kuaishou Gaming;AG.AL;1 - 0;3;0;3;13600;2;3;0;0;1;169400;49200;19:05;Playoffs;Grandfinals;CN;;;
KWC26_PO_M08_G1;08/08/2026;Red;Win;Yu;Farmlane;Erin;Chano;Flash;Kuaishou Gaming;AG.AL;1 - 0;3;2;4;14700;2;3;0;0;1;126100;52400;19:05;Playoffs;Grandfinals;CN;;;
KWC26_PO_M08_G1;08/08/2026;Red;Win;LFF;Roamer;Lapu lapu;;Flash;Kuaishou Gaming;AG.AL;1 - 0;0;2;6;9300;2;3;0;0;1;38000;103500;19:05;Playoffs;Grandfinals;CN;;;
KWC26_PO_M08_G2;08/08/2026;Red;Win;Ran;Clashlane;Dharma;Pei;Flash;AG.AL;Kuaishou Gaming;1 - 1;2;2;10;13800;1;1;1;0;1;73100;72800;22:41;Playoffs;Grandfinals;CN;;;
KWC26_PO_M08_G2;08/08/2026;Red;Win;Zoe;Jungler;Musashi;Ao Yin;Smite;AG.AL;Kuaishou Gaming;1 - 1;4;3;5;15500;1;1;1;0;1;57200;79300;22:41;Playoffs;Grandfinals;CN;;;
KWC26_PO_M08_G2;08/08/2026;Red;Win;Sheng;Midlane;Nuwa;Consort Yu;Flash;AG.AL;Kuaishou Gaming;1 - 1;1;2;9;13600;1;1;1;0;1;169700;39400;22:41;Playoffs;Grandfinals;CN;;;
KWC26_PO_M08_G2;08/08/2026;Red;Win;Yinuo;Farmlane;Arli;Mai Shiranui;Frenzy;AG.AL;Kuaishou Gaming;1 - 1;5;3;4;15500;1;1;1;0;1;167800;89100;22:41;Playoffs;Grandfinals;CN;;;
KWC26_PO_M08_G2;08/08/2026;Red;Win;Shuai;Roamer;Zhang Fei;;Stun;AG.AL;Kuaishou Gaming;1 - 1;0;1;12;10900;1;1;1;0;1;28800;145000;22:41;Playoffs;Grandfinals;CN;;;
KWC26_PO_M08_G2;08/08/2026;Blue;Lose;silence;Clashlane;Guan Yu;Haya;Sprint;Kuaishou Gaming;AG.AL;1 - 1;3;3;3;15000;1;2;0;0;1;53500;94000;22:41;Playoffs;Grandfinals;CN;;;
KWC26_PO_M08_G2;08/08/2026;Blue;Lose;JuHao;Jungler;Augran;Liang;Smite;Kuaishou Gaming;AG.AL;1 - 1;1;2;4;11900;1;2;0;0;1;80300;145600;22:41;Playoffs;Grandfinals;CN;;;
KWC26_PO_M08_G2;08/08/2026;Blue;Lose;LiuLang;Midlane;Angela;Kaizer;Flash;Kuaishou Gaming;AG.AL;1 - 1;1;2;7;13200;1;2;0;0;1;97700;71000;22:41;Playoffs;Grandfinals;CN;;;
KWC26_PO_M08_G2;08/08/2026;Blue;Lose;Yu;Farmlane;Chano;Lorion;Flash;Kuaishou Gaming;AG.AL;1 - 1;5;3;5;15300;1;2;0;0;1;146100;73000;22:41;Playoffs;Grandfinals;CN;;;
KWC26_PO_M08_G2;08/08/2026;Blue;Lose;LFF;Roamer;Dyadia;;Flash;Kuaishou Gaming;AG.AL;1 - 1;1;2;8;11100;1;2;0;0;1;48100;113100;22:41;Playoffs;Grandfinals;CN;;;
KWC26_PO_M08_G3;08/08/2026;Blue;Lose;Ran;Clashlane;Fatih;Pei;Flash;AG.AL;Kuaishou Gaming;1 - 2;0;2;1;8000;0;0;0;0;0;30000;46600;13:26;Playoffs;Grandfinals;CN;;;
KWC26_PO_M08_G3;08/08/2026;Blue;Lose;Zoe;Jungler;Menki;Nuwa;Smite;AG.AL;Kuaishou Gaming;1 - 2;2;3;0;8000;0;0;0;0;0;82500;86600;13:26;Playoffs;Grandfinals;CN;;;
KWC26_PO_M08_G3;08/08/2026;Blue;Lose;Sheng;Midlane;Ziya;Devara;Flash;AG.AL;Kuaishou Gaming;1 - 2;0;1;1;7300;0;0;0;0;0;79000;25100;13:26;Playoffs;Grandfinals;CN;;;
KWC26_PO_M08_G3;08/08/2026;Blue;Lose;Yinuo;Farmlane;Ao Yin;Charlotte;Flash;AG.AL;Kuaishou Gaming;1 - 2;0;0;0;9500;0;0;0;0;0;77300;30500;13:26;Playoffs;Grandfinals;CN;;;
KWC26_PO_M08_G3;08/08/2026;Blue;Lose;Shuai;Roamer;Dyadia;;Purify;AG.AL;Kuaishou Gaming;1 - 2;0;3;1;6700;0;0;0;0;0;35600;47100;13:26;Playoffs;Grandfinals;CN;;;
KWC26_PO_M08_G3;08/08/2026;Red;Win;silence;Clashlane;Biron;Chano;Flash;Kuaishou Gaming;AG.AL;2 - 1;0;0;8;9200;1;1;0;1;1;32400;81600;13:26;Playoffs;Grandfinals;CN;;;
KWC26_PO_M08_G3;08/08/2026;Red;Win;JuHao;Jungler;Luna;Liang;Smite;Kuaishou Gaming;AG.AL;2 - 1;3;0;4;11000;1;1;0;1;1;47300;43400;13:26;Playoffs;Grandfinals;CN;;;
KWC26_PO_M08_G3;08/08/2026;Red;Win;LiuLang;Midlane;Haya;Lorion;Flash;Kuaishou Gaming;AG.AL;2 - 1;0;1;7;8200;1;1;0;1;1;57700;42900;13:26;Playoffs;Grandfinals;CN;;;
KWC26_PO_M08_G3;08/08/2026;Red;Win;Yu;Farmlane;Arli;Flowborn(JG);Frenzy;Kuaishou Gaming;AG.AL;2 - 1;6;0;2;12100;1;1;0;1;1;77800;47300;13:26;Playoffs;Grandfinals;CN;;;
KWC26_PO_M08_G3;08/08/2026;Red;Win;LFF;Roamer;Zhang Fei;;Heal;Kuaishou Gaming;AG.AL;2 - 1;0;1;9;6400;1;1;0;1;1;20700;89200;13:26;Playoffs;Grandfinals;CN;;;
KWC26_PO_M08_G4;08/08/2026;Red;Win;Ran;Clashlane;Umbrosa;Pei;Flash;AG.AL;Kuaishou Gaming;2 - 2;2;3;4;10700;1;0;0;0;1;;;15:37;Playoffs;Grandfinals;CN;;;
KWC26_PO_M08_G4;08/08/2026;Red;Win;Zoe;Jungler;Kaizer;Ao Yin;Smite;AG.AL;Kuaishou Gaming;2 - 2;4;1;3;10300;1;0;0;0;1;;;15:37;Playoffs;Grandfinals;CN;;;
KWC26_PO_M08_G4;08/08/2026;Red;Win;Sheng;Midlane;Mai Shiranui;Nezha;Flash;AG.AL;Kuaishou Gaming;2 - 2;2;2;1;9400;1;0;0;0;1;;;15:37;Playoffs;Grandfinals;CN;;;
KWC26_PO_M08_G4;08/08/2026;Red;Win;Yinuo;Farmlane;Flowborn(FL);Nuwa;Flash;AG.AL;Kuaishou Gaming;2 - 2;4;3;6;11900;1;0;0;0;1;;;15:37;Playoffs;Grandfinals;CN;;;
KWC26_PO_M08_G4;08/08/2026;Red;Win;Shuai;Roamer;Annette;;Flash;AG.AL;Kuaishou Gaming;2 - 2;0;0;9;8100;1;0;0;0;1;;;15:37;Playoffs;Grandfinals;CN;;;
KWC26_PO_M08_G4;08/08/2026;Blue;Lose;silence;Clashlane;Dharma;Haya;Flash;Kuaishou Gaming;AG.AL;2 - 2;0;3;5;8300;0;1;0;0;0;;;15:37;Playoffs;Grandfinals;CN;;;
KWC26_PO_M08_G4;08/08/2026;Blue;Lose;JuHao;Jungler;Agudo;Jing;Smite;Kuaishou Gaming;AG.AL;2 - 2;0;1;7;8800;0;1;0;0;0;;;15:37;Playoffs;Grandfinals;CN;;;
KWC26_PO_M08_G4;08/08/2026;Blue;Lose;LiuLang;Midlane;Yu Huan;Augran;Flash;Kuaishou Gaming;AG.AL;2 - 2;5;1;2;10900;0;1;0;0;0;;;15:37;Playoffs;Grandfinals;CN;;;
KWC26_PO_M08_G4;08/08/2026;Blue;Lose;Yu;Farmlane;Chicha;Yang Jian;Flash;Kuaishou Gaming;AG.AL;2 - 2;4;5;4;10800;0;1;0;0;0;;;15:37;Playoffs;Grandfinals;CN;;;
KWC26_PO_M08_G4;08/08/2026;Blue;Lose;LFF;Roamer;Mozi;;Flash;Kuaishou Gaming;AG.AL;2 - 2;0;2;9;6900;0;1;0;0;0;;;15:37;Playoffs;Grandfinals;CN;;;
KWC26_PO_M08_G5;08/08/2026;Red;Win;Ran;Clashlane;Mi Yue;Pei;Frenzy;AG.AL;Kuaishou Gaming;3 - 2;3;2;1;15400;2;3;0;1;2;;;20:03;Playoffs;Grandfinals;CN;;;
KWC26_PO_M08_G5;08/08/2026;Red;Win;Zoe;Jungler;Dun;Jing;Smite;AG.AL;Kuaishou Gaming;3 - 2;1;1;6;13700;2;3;0;1;2;;;20:03;Playoffs;Grandfinals;CN;;;
KWC26_PO_M08_G5;08/08/2026;Red;Win;Sheng;Midlane;Ganmo;Musashi;Flash;AG.AL;Kuaishou Gaming;3 - 2;5;0;4;15500;2;3;0;1;2;;;20:03;Playoffs;Grandfinals;CN;;;
KWC26_PO_M08_G5;08/08/2026;Red;Win;Yinuo;Farmlane;Shouyue;Ukyo Tachibana;Flash;AG.AL;Kuaishou Gaming;3 - 2;2;3;6;15300;2;3;0;1;2;;;20:03;Playoffs;Grandfinals;CN;;;
KWC26_PO_M08_G5;08/08/2026;Red;Win;Shuai;Roamer;Mozi;;Flash;AG.AL;Kuaishou Gaming;3 - 2;0;2;8;9600;2;3;0;1;2;;;20:03;Playoffs;Grandfinals;CN;;;
KWC26_PO_M08_G5;08/08/2026;Blue;Lose;silence;Clashlane;Devara;Chano;Frenzy;Kuaishou Gaming;AG.AL;2 - 3;1;1;3;13000;0;0;0;0;1;;;20:03;Playoffs;Grandfinals;CN;;;
KWC26_PO_M08_G5;08/08/2026;Blue;Lose;JuHao;Jungler;Yang Jian;Garuda;Smite;Kuaishou Gaming;AG.AL;2 - 3;3;3;1;13400;0;0;0;0;1;;;20:03;Playoffs;Grandfinals;CN;;;
KWC26_PO_M08_G5;08/08/2026;Blue;Lose;LiuLang;Midlane;Lorion;Haya;Flash;Kuaishou Gaming;AG.AL;2 - 3;2;2;2;10200;0;0;0;0;1;;;20:03;Playoffs;Grandfinals;CN;;;
KWC26_PO_M08_G5;08/08/2026;Blue;Lose;Yu;Farmlane;Flowborn(FL);Nezha;Flash;Kuaishou Gaming;AG.AL;2 - 3;2;2;3;15800;0;0;0;0;1;;;20:03;Playoffs;Grandfinals;CN;;;
KWC26_PO_M08_G5;08/08/2026;Blue;Lose;LFF;Roamer;Lian Po;;Flash;Kuaishou Gaming;AG.AL;2 - 3;0;3;6;9000;0;0;0;0;1;;;20:03;Playoffs;Grandfinals;CN;;;
KWC26_PO_M08_G6;08/08/2026;Red;Lose;Ran;Clashlane;Biron;Pei;Flash;AG.AL;Kuaishou Gaming;3 - 3;2;2;4;13000;2;2;0;0;0;;;20:49;Playoffs;Grandfinals;CN;;;
KWC26_PO_M08_G6;08/08/2026;Red;Lose;Zoe;Jungler;Yang Jian;Jing;Smite;AG.AL;Kuaishou Gaming;3 - 3;2;5;3;14000;2;2;0;0;0;;;20:49;Playoffs;Grandfinals;CN;;;
KWC26_PO_M08_G6;08/08/2026;Red;Lose;Sheng;Midlane;Haya;Annette;Flash;AG.AL;Kuaishou Gaming;3 - 3;2;5;3;11000;2;2;0;0;0;;;20:49;Playoffs;Grandfinals;CN;;;
KWC26_PO_M08_G6;08/08/2026;Red;Lose;Yinuo;Farmlane;Erin;Fatih;Flash;AG.AL;Kuaishou Gaming;3 - 3;3;4;2;14500;2;2;0;0;0;;;20:49;Playoffs;Grandfinals;CN;;;
KWC26_PO_M08_G6;08/08/2026;Red;Lose;Shuai;Roamer;Dolia;;Heal;AG.AL;Kuaishou Gaming;3 - 3;0;3;8;9000;2;2;0;0;0;;;20:49;Playoffs;Grandfinals;CN;;;
KWC26_PO_M08_G6;08/08/2026;Blue;Win;silence;Clashlane;Charlotte;Guan Yu;Flash;Kuaishou Gaming;AG.AL;3 - 3;5;3;8;;0;1;0;1;3;;;20:49;Playoffs;Grandfinals;CN;;;
KWC26_PO_M08_G6;08/08/2026;Blue;Win;JuHao;Jungler;Kaizer;Chano;Smite;Kuaishou Gaming;AG.AL;3 - 3;4;2;11;;0;1;0;1;3;;;20:49;Playoffs;Grandfinals;CN;;;
KWC26_PO_M08_G6;08/08/2026;Blue;Win;LiuLang;Midlane;Nuwa;Garuda;Flash;Kuaishou Gaming;AG.AL;3 - 3;2;1;10;;0;1;0;1;3;;;20:49;Playoffs;Grandfinals;CN;;;
KWC26_PO_M08_G6;08/08/2026;Blue;Win;Yu;Farmlane;Ao Yin;Devara;Flash;Kuaishou Gaming;AG.AL;3 - 3;8;0;7;;0;1;0;1;3;;;20:49;Playoffs;Grandfinals;CN;;;
KWC26_PO_M08_G6;08/08/2026;Blue;Win;LFF;Roamer;Kui;;Flash;Kuaishou Gaming;AG.AL;3 - 3;0;3;14;;0;1;0;1;3;;;20:49;Playoffs;Grandfinals;CN;;;
KWC26_PO_M08_G7;08/08/2026;Blue;Lose;Ran;Clashlane;Dharma;;Flash;AG.AL;Kuaishou Gaming;3 - 4;4;3;2;;1;0;0;0;0;;;12:05;Playoffs;Grandfinals;CN;;;
KWC26_PO_M08_G7;08/08/2026;Blue;Lose;Zoe;Jungler;Pei;;Smite;AG.AL;Kuaishou Gaming;3 - 4;2;4;4;;1;0;0;0;0;;;12:05;Playoffs;Grandfinals;CN;;;
KWC26_PO_M08_G7;08/08/2026;Blue;Lose;Sheng;Midlane;Mai Shiranui;;Flash;AG.AL;Kuaishou Gaming;3 - 4;0;4;5;;1;0;0;0;0;;;12:05;Playoffs;Grandfinals;CN;;;
KWC26_PO_M08_G7;08/08/2026;Blue;Lose;Yinuo;Farmlane;Arli;;Frenzy;AG.AL;Kuaishou Gaming;3 - 4;1;4;4;;1;0;0;0;0;;;12:05;Playoffs;Grandfinals;CN;;;
KWC26_PO_M08_G7;08/08/2026;Blue;Lose;Shuai;Roamer;Zhang Fei;;Heal;AG.AL;Kuaishou Gaming;3 - 4;0;0;7;;1;0;0;0;0;;;12:05;Playoffs;Grandfinals;CN;;;
KWC26_PO_M08_G7;08/08/2026;Red;Win;silence;Clashlane;Dharma;;Flash;Kuaishou Gaming;AG.AL;4 - 3;2;5;8;;1;1;0;1;1;;;12:05;Playoffs;Grandfinals;CN;;;
KWC26_PO_M08_G7;08/08/2026;Red;Win;JuHao;Jungler;Pei;;Smite;Kuaishou Gaming;AG.AL;4 - 3;4;0;5;;1;1;0;1;1;;;12:05;Playoffs;Grandfinals;CN;;;
KWC26_PO_M08_G7;08/08/2026;Red;Win;LiuLang;Midlane;Haya;;Flash;Kuaishou Gaming;AG.AL;4 - 3;4;2;5;;1;1;0;1;1;;;12:05;Playoffs;Grandfinals;CN;;;
KWC26_PO_M08_G7;08/08/2026;Red;Win;Yu;Farmlane;Chano;;Flash;Kuaishou Gaming;AG.AL;4 - 3;5;0;3;;1;1;0;1;1;;;12:05;Playoffs;Grandfinals;CN;;;
KWC26_PO_M08_G7;08/08/2026;Red;Win;LFF;Roamer;Lapu lapu;;Flash;Kuaishou Gaming;AG.AL;4 - 3;0;0;12;;1;1;0;1;1;;;12:05;Playoffs;Grandfinals;CN;;;
